TeamA,TeamB,Venue,TossWinner,TossDecision,TeamA_RecentForm,TeamB_RecentForm,TeamA_AvgScore,TeamB_AvgScore,H2H_A_Wins,H2H_B_Wins,TeamA_Wins
West Indies,New Zealand,Away,New Zealand,field,4,1,262.8,356.0,8,7,1
West Indies,New Zealand,Home,New Zealand,bat,3,4,262.5,252.7,8,7,0
Pakistan,India,Away,Pakistan,bat,0,1,286.2,263.1,9,7,1
India,England,Away,India,field,5,4,264.6,247.8,9,3,0
India,Sri Lanka,Neutral,India,field,0,5,262.8,235.0,1,3,0
South Africa,West Indies,Neutral,West Indies,field,1,2,283.7,331.0,7,3,0
South Africa,England,Away,South Africa,field,3,1,280.7,291.5,4,5,1
England,South Africa,Home,South Africa,field,5,2,319.8,289.0,8,6,1
Sri Lanka,Pakistan,Away,Sri Lanka,field,1,2,299.9,245.7,9,9,1
Sri Lanka,West Indies,Away,Sri Lanka,bat,2,3,209.2,217.5,6,1,1
Pakistan,Australia,Neutral,Australia,bat,4,5,237.9,273.6,9,6,0
Sri Lanka,South Africa,Away,South Africa,field,1,4,190.1,259.6,5,9,0
Sri Lanka,South Africa,Away,South Africa,bat,0,5,249.7,245.8,7,1,0
Sri Lanka,Pakistan,Home,Sri Lanka,bat,0,2,302.2,236.7,0,0,1
Australia,England,Home,England,field,2,0,224.7,269.0,4,8,1
England,Pakistan,Home,Pakistan,bat,2,4,241.6,260.1,8,2,1
India,New Zealand,Home,India,field,3,2,237.1,262.8,4,0,1
England,South Africa,Neutral,South Africa,bat,5,3,270.9,198.0,7,1,1
England,India,Home,India,bat,5,3,217.7,263.8,0,1,0
South Africa,Australia,Home,South Africa,field,0,5,246.9,251.8,7,4,0
South Africa,Australia,Home,Australia,bat,1,2,322.9,323.6,0,6,0
Pakistan,England,Away,Pakistan,field,3,3,277.3,257.2,7,7,1
Sri Lanka,West Indies,Home,West Indies,bat,1,1,242.5,231.5,3,5,0
Australia,Sri Lanka,Away,Sri Lanka,field,4,0,265.8,288.8,5,7,1
Pakistan,West Indies,Away,Pakistan,field,2,3,210.0,279.2,4,2,0
West Indies,India,Neutral,West Indies,bat,1,2,245.9,219.2,1,1,1
Pakistan,Sri Lanka,Home,Sri Lanka,field,3,3,312.1,264.1,8,4,1
India,West Indies,Home,India,bat,4,3,295.5,226.7,4,6,1
Australia,England,Home,Australia,bat,2,4,246.7,254.8,3,5,0
New Zealand,South Africa,Home,South Africa,field,5,0,272.5,242.2,2,4,1
South Africa,Pakistan,Away,South Africa,bat,0,2,253.4,253.2,4,0,1
India,England,Home,India,bat,2,0,263.2,229.1,1,0,1
India,South Africa,Away,India,bat,1,3,215.1,308.4,6,7,0
South Africa,Sri Lanka,Home,South Africa,bat,5,1,240.3,244.9,6,1,1
India,West Indies,Home,India,bat,3,0,318.7,269.7,4,0,1
West Indies,India,Home,India,bat,5,4,260.9,231.7,1,9,1
Sri Lanka,England,Away,England,bat,5,1,207.0,271.3,6,7,1
India,South Africa,Away,South Africa,bat,2,0,245.6,203.7,7,2,1
New Zealand,Pakistan,Away,Pakistan,field,5,1,253.4,289.7,4,6,0
West Indies,Sri Lanka,Away,Sri Lanka,field,4,1,250.8,274.2,9,7,0
Sri Lanka,Australia,Away,Sri Lanka,bat,3,2,315.1,260.3,9,5,1
Sri Lanka,Pakistan,Home,Pakistan,bat,0,2,254.8,257.9,5,4,1
New Zealand,Sri Lanka,Neutral,Sri Lanka,bat,0,3,244.0,260.1,6,0,0
New Zealand,South Africa,Neutral,New Zealand,bat,1,3,270.4,229.7,1,1,0
Pakistan,New Zealand,Neutral,New Zealand,field,1,2,232.7,225.2,5,6,1
Pakistan,Sri Lanka,Home,Sri Lanka,field,4,5,236.3,244.8,2,5,0
Sri Lanka,Australia,Home,Australia,field,3,4,257.8,211.0,7,8,0
India,Australia,Away,Australia,bat,4,2,271.6,265.9,5,8,1
India,Sri Lanka,Home,Sri Lanka,bat,5,4,277.1,274.8,8,0,1
Pakistan,India,Home,Pakistan,field,2,3,252.9,245.4,2,7,0
New Zealand,Sri Lanka,Home,New Zealand,bat,1,3,255.6,265.9,4,3,0
South Africa,India,Home,South Africa,field,4,2,273.0,299.9,5,0,1
England,Australia,Neutral,Australia,field,3,4,212.3,270.7,1,5,0
England,West Indies,Home,West Indies,bat,0,0,188.9,280.8,4,1,0
West Indies,South Africa,Home,South Africa,bat,2,0,214.7,309.3,3,2,0
Australia,Pakistan,Away,Australia,bat,3,4,185.8,280.7,3,5,0
New Zealand,South Africa,Home,New Zealand,bat,0,5,235.1,214.1,0,5,0
West Indies,Pakistan,Away,Pakistan,field,5,0,241.3,268.8,9,3,1
New Zealand,England,Away,New Zealand,bat,2,0,305.2,234.2,1,9,1
India,England,Neutral,India,field,3,5,235.8,247.2,6,1,1
Sri Lanka,India,Home,Sri Lanka,field,0,3,255.2,294.0,0,4,0
England,West Indies,Neutral,West Indies,field,5,4,230.4,234.2,4,1,1
West Indies,Sri Lanka,Away,Sri Lanka,bat,0,1,287.3,249.4,3,0,1
India,England,Home,India,field,2,2,317.5,286.7,8,6,1
West Indies,South Africa,Home,West Indies,field,3,1,222.3,278.6,2,1,1
England,Sri Lanka,Home,Sri Lanka,field,5,2,235.0,239.9,8,8,0
Australia,England,Neutral,Australia,field,3,2,236.3,223.1,0,1,0
South Africa,India,Home,India,field,4,4,209.8,275.1,3,3,0
New Zealand,West Indies,Neutral,West Indies,bat,5,2,253.1,229.4,4,1,1
England,Australia,Neutral,England,field,1,5,269.7,235.0,5,3,0
Sri Lanka,New Zealand,Home,Sri Lanka,field,3,0,221.5,310.3,8,3,0
Australia,England,Away,England,bat,1,4,236.5,299.7,8,9,0
Sri Lanka,New Zealand,Home,Sri Lanka,bat,5,4,234.2,247.3,5,2,0
Pakistan,New Zealand,Home,New Zealand,bat,4,4,273.9,233.0,8,0,1
Sri Lanka,New Zealand,Home,Sri Lanka,bat,4,0,319.5,239.2,4,0,1
West Indies,Pakistan,Home,West Indies,field,3,0,271.9,287.7,0,6,1
New Zealand,South Africa,Neutral,New Zealand,bat,2,0,285.3,226.0,4,7,1
Sri Lanka,Pakistan,Away,Pakistan,field,3,2,298.4,316.9,3,2,1
West Indies,India,Neutral,West Indies,bat,4,3,285.3,261.8,0,3,1
India,New Zealand,Away,India,bat,3,1,232.2,175.0,6,3,1
Pakistan,Australia,Away,Australia,field,0,0,260.6,231.3,4,8,0
Pakistan,Sri Lanka,Home,Pakistan,field,5,0,251.1,263.8,0,6,1
Pakistan,Australia,Neutral,Pakistan,bat,3,1,284.1,218.4,6,3,1
Australia,Sri Lanka,Home,Sri Lanka,bat,5,3,261.3,233.3,1,1,1
England,Australia,Home,England,field,2,4,304.5,246.5,1,5,1
England,Australia,Away,England,bat,0,5,265.0,226.2,0,1,0
Pakistan,Australia,Home,Australia,bat,5,1,242.4,265.5,5,8,1
India,Australia,Home,Australia,bat,4,5,196.1,318.7,6,5,0
New Zealand,Australia,Home,New Zealand,bat,0,2,221.2,303.6,5,1,0
England,New Zealand,Neutral,England,bat,3,3,266.4,261.5,0,5,0
West Indies,India,Neutral,West Indies,bat,5,3,295.7,283.6,9,2,0
India,South Africa,Home,India,bat,1,4,247.3,256.6,7,3,0
Sri Lanka,England,Home,England,field,5,0,298.3,276.5,5,8,1
Australia,New Zealand,Away,Australia,bat,5,5,293.1,222.1,4,0,1
England,Sri Lanka,Neutral,England,field,0,4,214.6,253.1,8,5,0
West Indies,India,Away,West Indies,field,2,3,263.2,275.0,7,8,0
West Indies,Australia,Home,West Indies,bat,2,3,288.5,218.5,6,4,1
South Africa,India,Neutral,India,field,3,5,258.9,272.7,4,3,1
India,Pakistan,Neutral,Pakistan,field,0,5,233.0,272.1,6,5,0
Pakistan,Sri Lanka,Away,Pakistan,bat,1,4,266.3,299.8,6,0,0
India,South Africa,Neutral,South Africa,field,2,2,308.3,258.4,4,3,0
Australia,South Africa,Home,Australia,bat,3,4,233.2,248.8,8,9,0
Australia,South Africa,Neutral,Australia,bat,1,2,240.6,249.2,3,1,1
India,South Africa,Neutral,South Africa,bat,4,4,293.8,285.3,0,1,0
India,England,Home,England,field,1,4,263.0,210.0,7,1,1
Sri Lanka,Pakistan,Neutral,Pakistan,bat,3,2,265.6,209.7,4,8,1
West Indies,England,Away,England,field,5,2,202.6,251.5,0,1,1
England,West Indies,Home,England,bat,5,1,283.7,248.3,2,0,1
England,Australia,Away,Australia,bat,1,2,262.2,281.4,1,2,0
Sri Lanka,England,Home,England,bat,1,2,302.9,214.2,1,2,1
Sri Lanka,New Zealand,Away,New Zealand,bat,3,1,260.2,306.6,9,4,1
Australia,West Indies,Away,West Indies,field,4,5,285.2,248.6,1,5,1
India,England,Home,England,bat,0,0,322.8,280.5,2,2,1
Sri Lanka,India,Home,India,field,0,5,251.4,262.0,3,5,0
Pakistan,England,Home,Pakistan,field,0,3,278.4,214.7,5,3,0
West Indies,New Zealand,Away,West Indies,field,0,3,250.4,242.5,2,8,0
England,South Africa,Away,South Africa,field,5,2,262.5,270.9,1,4,1
Pakistan,South Africa,Away,Pakistan,field,2,2,283.3,214.0,8,0,1
Australia,South Africa,Away,Australia,field,2,1,271.8,274.9,0,6,1
West Indies,South Africa,Neutral,West Indies,bat,2,0,282.6,305.6,9,0,1
Sri Lanka,West Indies,Neutral,West Indies,bat,2,4,258.1,249.2,6,9,0
Sri Lanka,New Zealand,Away,New Zealand,bat,0,5,234.9,230.7,3,1,0
New Zealand,Sri Lanka,Neutral,Sri Lanka,bat,2,0,286.3,255.0,0,9,1
Australia,South Africa,Away,Australia,bat,3,1,267.5,202.6,8,5,1
England,South Africa,Home,England,bat,0,5,292.2,295.4,8,8,0
New Zealand,West Indies,Home,New Zealand,field,5,3,256.4,314.1,1,4,0
Pakistan,India,Away,India,bat,1,2,276.1,278.8,5,4,0
South Africa,Australia,Away,Australia,bat,4,0,209.0,273.5,4,4,1
West Indies,South Africa,Home,West Indies,bat,3,4,237.9,242.4,4,6,1
England,Australia,Away,England,bat,0,4,249.6,325.3,9,5,0
Sri Lanka,Pakistan,Away,Sri Lanka,bat,3,0,239.4,265.1,7,7,1
Pakistan,West Indies,Home,Pakistan,field,2,5,310.7,276.7,8,5,0
England,India,Home,England,field,2,5,269.8,242.3,2,0,0
South Africa,Australia,Away,South Africa,bat,3,1,235.5,319.3,1,2,0
India,Sri Lanka,Away,Sri Lanka,bat,2,1,259.3,227.3,6,3,0
Sri Lanka,England,Neutral,Sri Lanka,bat,3,5,216.0,314.2,6,0,0
India,South Africa,Away,South Africa,bat,0,1,280.3,246.3,4,5,1
Sri Lanka,New Zealand,Neutral,Sri Lanka,bat,2,5,273.9,260.6,8,9,0
Pakistan,Australia,Home,Pakistan,field,5,2,272.8,250.0,0,5,1
Australia,England,Home,England,bat,1,4,241.4,230.5,5,8,0
Australia,Pakistan,Neutral,Australia,field,3,2,268.0,276.2,9,3,1
India,Sri Lanka,Home,Sri Lanka,field,2,2,322.5,252.1,4,3,0
Pakistan,West Indies,Away,Pakistan,bat,1,2,235.1,261.3,3,3,0
Australia,South Africa,Away,South Africa,bat,2,5,280.5,266.0,1,0,1
Pakistan,Australia,Away,Pakistan,bat,5,1,264.8,250.3,2,8,0
South Africa,Pakistan,Home,Pakistan,field,4,2,266.7,306.2,7,8,0
Pakistan,Sri Lanka,Home,Sri Lanka,bat,2,0,283.6,312.3,1,8,0
New Zealand,England,Home,New Zealand,bat,4,5,268.0,250.7,4,7,0
India,Pakistan,Home,India,bat,4,5,260.3,281.0,3,3,1
South Africa,India,Away,India,field,2,1,270.5,238.7,2,2,1
West Indies,Pakistan,Neutral,West Indies,bat,1,1,240.9,251.6,0,0,0
South Africa,West Indies,Away,West Indies,field,0,3,283.3,284.9,9,7,0
Sri Lanka,England,Away,England,bat,1,5,252.3,229.3,2,3,0
Sri Lanka,Pakistan,Home,Sri Lanka,bat,3,4,254.2,274.9,4,3,0
Pakistan,West Indies,Neutral,West Indies,bat,2,3,279.5,215.9,2,9,0
Australia,England,Home,England,field,5,4,261.9,288.4,0,5,1
Pakistan,New Zealand,Away,New Zealand,field,1,2,193.0,295.8,5,9,0
Pakistan,West Indies,Neutral,West Indies,bat,0,0,267.0,269.7,1,3,0
Australia,Pakistan,Home,Pakistan,field,2,3,248.7,316.1,8,8,0
South Africa,West Indies,Home,West Indies,field,1,2,252.0,230.5,4,5,1
Sri Lanka,New Zealand,Away,New Zealand,field,3,1,238.7,280.2,8,1,1
India,Sri Lanka,Home,India,field,4,4,231.5,217.1,3,6,0
Australia,England,Away,Australia,field,0,4,293.9,274.0,7,2,0
West Indies,Sri Lanka,Neutral,West Indies,field,3,5,276.7,229.2,3,8,0
England,India,Home,England,bat,3,3,286.3,249.0,9,0,1
Sri Lanka,West Indies,Home,West Indies,bat,0,2,280.0,333.0,2,3,0
England,West Indies,Away,West Indies,field,1,5,284.7,215.4,3,8,0
South Africa,England,Home,South Africa,field,4,4,208.9,233.4,3,6,0
West Indies,India,Home,India,bat,1,2,288.9,298.4,1,1,0
Pakistan,Sri Lanka,Home,Sri Lanka,field,0,3,257.3,198.1,6,9,0
West Indies,Australia,Neutral,West Indies,bat,2,1,310.0,239.9,6,7,1
South Africa,New Zealand,Home,South Africa,bat,3,4,206.2,258.0,7,7,1
Australia,England,Home,Australia,field,5,0,302.8,280.0,8,5,1
South Africa,Australia,Away,South Africa,bat,1,0,305.6,267.9,9,0,1
Pakistan,India,Away,Pakistan,bat,2,4,302.1,246.7,4,5,0
England,India,Neutral,India,bat,3,2,283.2,265.9,7,2,1
Pakistan,Sri Lanka,Home,Pakistan,field,5,4,266.0,288.5,4,9,0
India,England,Home,India,field,5,3,264.5,230.9,7,5,1
Pakistan,India,Neutral,Pakistan,bat,5,3,243.3,239.5,0,4,0
Sri Lanka,New Zealand,Home,Sri Lanka,field,4,0,298.6,286.3,3,9,1
West Indies,England,Home,England,bat,0,2,288.8,204.6,0,5,0
India,England,Home,India,field,3,2,246.2,280.4,4,5,1
Pakistan,Australia,Neutral,Pakistan,bat,5,2,283.4,226.1,4,6,0
England,Australia,Neutral,Australia,field,0,3,224.6,278.1,5,8,1
India,England,Neutral,England,bat,2,2,289.7,222.2,8,7,0
New Zealand,Pakistan,Home,Pakistan,bat,0,4,281.3,235.9,5,5,0
West Indies,Sri Lanka,Away,West Indies,bat,1,2,297.3,274.7,0,5,0
England,West Indies,Home,England,field,1,5,295.1,229.6,1,1,1
South Africa,India,Neutral,India,bat,5,3,262.6,295.0,0,4,0
Australia,New Zealand,Home,Australia,field,2,2,254.7,269.1,2,0,0
South Africa,England,Away,South Africa,bat,0,5,243.8,275.9,9,2,0
England,Pakistan,Home,England,field,5,2,255.8,206.6,7,4,1
Sri Lanka,South Africa,Away,South Africa,bat,4,3,276.6,252.3,9,6,1
England,Sri Lanka,Home,England,field,3,5,302.5,255.1,6,8,0
West Indies,India,Away,West Indies,bat,4,5,255.1,222.4,9,9,1
South Africa,New Zealand,Neutral,South Africa,field,4,2,221.2,239.4,7,1,1
India,England,Home,India,bat,5,2,256.0,261.9,7,7,0
South Africa,New Zealand,Away,South Africa,bat,3,4,262.3,249.6,0,5,0
Pakistan,India,Away,Pakistan,bat,2,3,263.7,244.4,8,5,1
Pakistan,India,Away,Pakistan,bat,4,4,246.8,240.1,5,6,1
South Africa,Sri Lanka,Home,Sri Lanka,field,0,1,226.2,231.0,9,7,0
Pakistan,Australia,Away,Pakistan,field,1,4,279.4,272.9,6,2,0
South Africa,India,Home,South Africa,field,1,2,250.3,256.2,1,0,0
Australia,India,Home,India,field,4,0,248.7,190.2,4,8,1
Australia,South Africa,Home,South Africa,field,4,3,234.0,328.9,1,3,0
New Zealand,England,Home,England,field,5,5,185.0,249.6,3,4,0
South Africa,New Zealand,Away,South Africa,bat,4,2,295.2,299.4,9,4,1
Pakistan,England,Neutral,Pakistan,bat,2,3,256.4,264.5,6,7,0
New Zealand,Sri Lanka,Neutral,Sri Lanka,bat,5,3,281.8,270.5,3,4,0
England,Australia,Home,Australia,bat,5,5,238.7,332.7,4,4,0
South Africa,England,Home,South Africa,field,4,3,310.8,268.5,3,2,1
New Zealand,West Indies,Home,West Indies,field,0,5,296.7,204.8,9,6,1
India,South Africa,Home,India,bat,5,0,206.6,309.2,0,1,0
New Zealand,Pakistan,Neutral,New Zealand,field,2,3,210.7,254.9,3,5,0
Sri Lanka,Pakistan,Neutral,Sri Lanka,field,4,5,254.8,313.4,7,2,1
West Indies,Pakistan,Away,Pakistan,bat,0,5,234.7,287.5,2,7,0
Sri Lanka,England,Away,England,bat,2,1,334.4,290.0,0,3,1
West Indies,Sri Lanka,Neutral,West Indies,bat,1,0,269.3,253.6,3,7,0
England,New Zealand,Home,New Zealand,bat,1,1,291.2,259.2,8,5,1
England,New Zealand,Home,New Zealand,field,5,4,277.0,227.9,6,6,1
Pakistan,South Africa,Away,Pakistan,bat,3,1,262.6,239.8,6,5,1
New Zealand,India,Home,New Zealand,bat,3,0,314.0,253.7,0,9,1
England,South Africa,Away,England,field,1,2,275.1,259.0,1,6,0
New Zealand,Pakistan,Away,Pakistan,field,3,2,269.3,256.2,5,8,1
Australia,New Zealand,Away,Australia,bat,5,2,223.6,273.5,5,7,1
West Indies,Australia,Away,Australia,field,5,4,273.7,270.6,0,5,0
West Indies,England,Neutral,West Indies,field,3,0,261.6,281.9,2,5,1
New Zealand,India,Neutral,India,field,5,0,200.9,305.9,0,9,0
India,South Africa,Home,South Africa,field,5,5,280.7,260.9,3,3,0
New Zealand,India,Away,New Zealand,field,0,3,260.7,216.7,8,1,0
England,New Zealand,Away,New Zealand,bat,3,1,272.1,199.0,7,7,1
England,New Zealand,Home,New Zealand,bat,3,1,205.6,277.3,1,0,0
Sri Lanka,England,Away,Sri Lanka,field,0,0,200.9,247.3,2,2,1
West Indies,India,Away,West Indies,field,0,5,315.1,239.0,4,7,0
India,New Zealand,Away,India,field,2,2,254.9,268.8,6,9,0
South Africa,Sri Lanka,Neutral,South Africa,bat,3,5,269.7,295.2,2,5,0
India,New Zealand,Home,New Zealand,bat,2,3,217.9,260.7,4,7,0
India,Sri Lanka,Home,Sri Lanka,field,4,0,273.3,221.8,0,3,1
Australia,India,Home,India,bat,3,4,233.2,289.1,1,6,0
Pakistan,South Africa,Away,South Africa,field,1,3,278.4,256.0,4,2,0
West Indies,South Africa,Neutral,South Africa,field,0,2,284.4,218.7,9,7,1
India,Pakistan,Home,India,field,1,4,262.7,258.2,5,1,0
India,Pakistan,Home,India,field,1,0,278.6,211.6,8,1,1
England,West Indies,Away,West Indies,field,3,3,235.4,310.9,0,3,0
Sri Lanka,Australia,Away,Sri Lanka,field,3,3,235.9,286.7,2,4,0
Pakistan,Australia,Home,Australia,bat,0,1,284.5,192.7,6,9,1
Australia,India,Neutral,Australia,bat,3,5,316.5,309.6,8,4,0
New Zealand,South Africa,Home,South Africa,field,2,5,249.0,196.4,3,7,0
India,Pakistan,Home,Pakistan,bat,0,1,261.5,253.3,5,1,0
West Indies,Sri Lanka,Away,Sri Lanka,field,5,5,266.1,288.2,9,0,0
England,South Africa,Home,South Africa,field,4,0,227.7,251.7,2,2,1
England,New Zealand,Away,England,field,1,4,203.9,227.4,7,1,0
West Indies,India,Away,West Indies,bat,3,5,226.9,255.2,5,4,0
England,West Indies,Away,England,bat,1,5,243.1,244.2,4,3,0
India,Australia,Home,Australia,field,2,5,223.3,222.1,8,8,0
Sri Lanka,Australia,Away,Australia,bat,0,5,222.7,273.1,9,2,0
South Africa,Pakistan,Home,Pakistan,bat,0,3,325.4,249.2,5,7,0
New Zealand,Sri Lanka,Neutral,New Zealand,field,0,5,240.3,258.0,3,7,0
New Zealand,Sri Lanka,Away,New Zealand,bat,3,4,272.0,264.4,9,4,0
New Zealand,Australia,Home,New Zealand,bat,3,3,224.6,284.7,9,2,1
South Africa,Australia,Neutral,Australia,field,0,1,249.7,220.5,8,6,1
Sri Lanka,West Indies,Neutral,West Indies,field,0,5,188.6,310.6,2,7,0
India,South Africa,Home,South Africa,field,1,5,258.7,277.0,7,2,0
England,Australia,Away,England,bat,0,1,256.2,220.0,1,2,0
Pakistan,New Zealand,Away,New Zealand,field,2,3,207.1,215.6,2,8,0
India,Sri Lanka,Neutral,Sri Lanka,field,5,5,267.2,280.0,5,9,1
Sri Lanka,Pakistan,Away,Pakistan,field,4,4,214.7,299.3,3,2,0
South Africa,Australia,Away,South Africa,field,4,4,268.3,277.8,4,3,0
West Indies,India,Neutral,India,bat,5,0,288.0,297.9,4,3,1
Sri Lanka,South Africa,Home,Sri Lanka,field,0,5,304.9,254.9,0,4,0
Pakistan,South Africa,Away,Pakistan,bat,5,2,251.4,249.6,8,7,1
England,South Africa,Home,South Africa,bat,5,4,307.8,218.4,9,0,1
West Indies,India,Home,West Indies,bat,5,3,234.6,228.7,4,2,1
India,Australia,Home,India,field,1,3,277.2,255.6,2,0,1
Australia,England,Neutral,Australia,bat,3,4,279.9,284.9,1,2,1
England,West Indies,Away,West Indies,bat,2,1,208.5,254.0,8,6,0
New Zealand,Sri Lanka,Away,Sri Lanka,bat,2,5,290.7,261.2,2,4,1
Australia,Sri Lanka,Away,Sri Lanka,field,4,4,288.4,213.3,9,2,1
Sri Lanka,England,Neutral,England,bat,5,1,283.0,275.7,8,0,1
New Zealand,South Africa,Away,South Africa,bat,2,2,281.8,287.8,0,0,1
West Indies,New Zealand,Away,West Indies,bat,4,3,268.3,255.2,8,3,1
Pakistan,India,Neutral,Pakistan,bat,5,1,231.2,277.2,1,4,1
South Africa,Sri Lanka,Neutral,South Africa,bat,4,5,249.2,230.2,8,9,0
South Africa,Pakistan,Away,Pakistan,field,5,4,247.2,292.9,9,8,0
England,India,Neutral,India,field,2,4,230.8,245.5,0,3,0
New Zealand,West Indies,Away,West Indies,field,3,1,221.3,258.1,3,4,0
New Zealand,Sri Lanka,Home,New Zealand,bat,3,5,257.9,212.4,3,8,1
Sri Lanka,Pakistan,Neutral,Sri Lanka,bat,5,1,252.4,235.4,9,4,1
England,New Zealand,Neutral,New Zealand,field,5,3,287.2,247.8,3,6,0
India,Sri Lanka,Neutral,Sri Lanka,bat,4,3,265.5,290.1,5,9,0
West Indies,Pakistan,Away,Pakistan,bat,2,3,287.1,267.7,6,8,0
Pakistan,New Zealand,Away,New Zealand,field,0,5,298.6,268.6,9,9,0
South Africa,India,Away,India,field,0,3,295.2,319.6,7,1,0
New Zealand,West Indies,Neutral,West Indies,bat,2,1,281.0,232.9,7,7,1
India,Sri Lanka,Home,Sri Lanka,bat,3,2,234.4,315.7,8,6,1
India,New Zealand,Away,India,bat,2,0,236.2,181.3,3,7,1
West Indies,Australia,Away,West Indies,bat,3,5,275.2,289.5,0,8,0
West Indies,Sri Lanka,Away,Sri Lanka,field,3,1,226.8,277.5,5,6,0
South Africa,Australia,Neutral,Australia,field,3,0,217.9,270.3,5,7,0
New Zealand,West Indies,Neutral,New Zealand,bat,5,0,260.4,294.6,1,2,1
England,Pakistan,Away,England,bat,4,0,252.6,284.3,9,4,1
Sri Lanka,New Zealand,Away,Sri Lanka,bat,2,1,268.3,260.1,5,4,1
Pakistan,India,Neutral,India,bat,5,5,239.9,292.9,8,6,1
England,West Indies,Away,West Indies,field,3,2,315.1,295.0,4,3,0
Sri Lanka,England,Home,Sri Lanka,field,5,5,212.6,263.0,3,6,1
New Zealand,India,Neutral,New Zealand,field,4,5,252.9,286.4,0,4,0
Pakistan,Australia,Home,Pakistan,bat,0,3,260.3,223.6,4,4,1
Australia,West Indies,Away,Australia,field,4,2,246.6,203.5,9,1,1
Sri Lanka,Australia,Neutral,Sri Lanka,field,1,5,247.8,277.2,0,3,0
South Africa,England,Away,South Africa,field,5,4,255.1,238.5,9,0,1
New Zealand,South Africa,Home,New Zealand,bat,4,4,278.5,235.3,6,0,1
Sri Lanka,India,Away,Sri Lanka,bat,0,3,251.6,223.0,5,2,0
India,West Indies,Away,West Indies,bat,2,0,261.3,266.2,0,8,1
Australia,Sri Lanka,Home,Sri Lanka,bat,3,0,283.6,248.1,7,0,1
Australia,Sri Lanka,Home,Sri Lanka,bat,0,5,224.9,247.2,4,3,0
India,Australia,Home,Australia,bat,0,0,255.5,285.9,7,9,0
Pakistan,India,Away,India,field,4,3,222.6,245.2,4,2,0
West Indies,South Africa,Neutral,South Africa,field,0,3,219.0,332.9,6,7,0
India,West Indies,Home,West Indies,field,5,5,277.9,245.8,3,7,1
West Indies,Pakistan,Neutral,West Indies,bat,4,1,275.7,258.7,4,4,1
India,Pakistan,Neutral,Pakistan,bat,5,4,219.8,251.4,0,3,0
Australia,New Zealand,Home,Australia,bat,0,1,242.8,311.2,5,6,0
West Indies,Pakistan,Home,Pakistan,bat,0,4,269.3,240.2,1,8,0
New Zealand,Pakistan,Home,New Zealand,bat,4,4,243.6,253.0,7,6,1
India,West Indies,Home,West Indies,bat,0,4,295.4,254.9,6,2,1
Pakistan,New Zealand,Home,New Zealand,field,2,0,255.1,229.7,7,1,1
England,West Indies,Away,West Indies,bat,5,0,273.4,294.7,2,2,0
South Africa,Sri Lanka,Away,South Africa,bat,2,3,269.3,267.9,4,4,0
England,Sri Lanka,Away,Sri Lanka,bat,0,0,226.5,222.3,3,9,0
New Zealand,West Indies,Home,West Indies,field,2,5,222.0,240.1,3,0,1
South Africa,England,Home,South Africa,field,3,1,315.0,318.3,1,6,0
India,Australia,Home,Australia,field,0,4,319.2,300.9,7,0,1
England,West Indies,Away,England,bat,5,1,213.3,248.1,9,9,0
Sri Lanka,England,Home,England,field,4,0,310.6,261.4,6,1,1
New Zealand,Australia,Home,Australia,field,4,5,259.2,279.3,9,2,1
England,Pakistan,Neutral,England,field,3,4,282.2,212.4,9,6,0
Sri Lanka,England,Home,England,field,2,5,246.8,233.3,7,8,0
West Indies,New Zealand,Away,New Zealand,field,5,2,244.6,265.7,8,8,1
South Africa,Australia,Neutral,South Africa,bat,4,2,246.0,264.7,5,3,1
Pakistan,India,Home,India,bat,1,4,237.1,273.8,7,3,0
West Indies,Sri Lanka,Home,West Indies,field,2,4,268.3,223.8,5,9,1
South Africa,Sri Lanka,Away,Sri Lanka,field,2,1,252.1,237.3,8,7,1
New Zealand,Australia,Home,New Zealand,bat,4,2,253.0,252.4,9,8,1
Australia,England,Home,England,bat,4,3,274.5,265.5,7,8,1
West Indies,England,Home,England,field,3,4,283.5,254.0,9,0,1
India,South Africa,Away,South Africa,field,4,2,328.4,246.3,5,5,1
Australia,Sri Lanka,Home,Australia,bat,0,5,252.4,231.6,5,0,1
West Indies,New Zealand,Home,New Zealand,bat,1,1,254.7,262.5,7,5,1
Pakistan,South Africa,Away,South Africa,bat,0,2,229.6,277.5,4,5,0
Sri Lanka,West Indies,Away,Sri Lanka,field,2,1,255.5,243.2,3,9,0
India,Australia,Home,India,bat,0,3,317.3,322.8,2,4,0
West Indies,Pakistan,Home,Pakistan,bat,3,0,223.2,218.3,6,2,1
England,South Africa,Home,South Africa,bat,4,3,283.9,264.4,6,2,0
West Indies,South Africa,Neutral,West Indies,bat,2,5,226.3,265.8,8,1,1
Pakistan,England,Away,Pakistan,bat,4,2,247.5,282.8,8,6,1
Sri Lanka,England,Away,Sri Lanka,field,2,0,264.2,232.8,2,5,1
Australia,India,Away,Australia,bat,3,2,252.4,204.9,1,9,1
West Indies,South Africa,Home,South Africa,field,0,3,271.8,275.1,6,2,1
Australia,New Zealand,Home,New Zealand,bat,4,3,235.6,280.8,7,4,1
India,Sri Lanka,Neutral,Sri Lanka,field,0,4,261.4,213.2,0,1,1
Sri Lanka,New Zealand,Away,Sri Lanka,bat,3,1,210.4,252.5,2,0,0
New Zealand,Sri Lanka,Away,Sri Lanka,field,4,1,208.3,277.5,4,8,1
New Zealand,Sri Lanka,Neutral,New Zealand,bat,4,4,243.2,287.5,1,1,0
England,Australia,Home,Australia,bat,4,3,225.7,286.5,0,5,0
England,West Indies,Home,England,field,1,1,307.6,227.8,5,0,0
West Indies,South Africa,Home,West Indies,field,5,1,232.8,275.6,4,6,1
Pakistan,India,Home,Pakistan,bat,3,4,200.4,223.7,5,1,0
Pakistan,South Africa,Away,South Africa,bat,4,1,232.9,257.0,6,5,0
Australia,South Africa,Neutral,Australia,bat,2,3,248.9,259.9,5,0,0
South Africa,Sri Lanka,Away,Sri Lanka,bat,4,0,295.6,269.0,4,0,1
Pakistan,West Indies,Neutral,West Indies,field,3,3,270.3,292.7,4,2,0
South Africa,India,Neutral,South Africa,field,0,0,264.8,227.7,5,2,1
India,Sri Lanka,Away,India,field,3,0,247.9,218.9,5,6,1
New Zealand,South Africa,Away,South Africa,field,4,4,254.6,293.2,0,5,0
Pakistan,West Indies,Home,Pakistan,field,5,1,280.9,249.8,2,8,1
West Indies,India,Home,India,field,1,5,242.3,300.5,8,7,0
England,Australia,Neutral,England,field,4,4,313.0,294.5,7,7,1
New Zealand,India,Neutral,New Zealand,bat,2,3,280.2,252.9,2,1,0
Sri Lanka,Pakistan,Home,Pakistan,bat,1,5,247.1,180.9,7,7,0
West Indies,Sri Lanka,Home,West Indies,bat,1,5,306.5,228.6,3,2,1
England,Australia,Neutral,England,field,4,1,280.3,262.0,3,6,1
West Indies,South Africa,Away,South Africa,bat,3,0,304.2,250.6,8,7,1
South Africa,New Zealand,Away,South Africa,field,0,3,245.0,272.3,3,2,0
England,Sri Lanka,Neutral,Sri Lanka,bat,4,0,239.0,217.1,6,9,1
South Africa,Pakistan,Away,Pakistan,field,0,5,222.9,258.6,7,5,0
England,Sri Lanka,Away,Sri Lanka,field,4,0,282.8,299.1,7,2,1
West Indies,India,Home,India,field,1,4,233.3,207.4,6,0,1
South Africa,West Indies,Home,West Indies,bat,3,2,273.3,286.5,9,5,1
India,West Indies,Neutral,West Indies,field,2,2,298.0,237.3,7,1,1
West Indies,England,Away,West Indies,bat,3,3,216.7,242.5,6,9,0
India,West Indies,Home,West Indies,field,0,3,281.5,190.3,5,8,0
India,Sri Lanka,Neutral,Sri Lanka,field,4,4,254.7,288.5,3,9,0
Sri Lanka,Pakistan,Home,Sri Lanka,bat,5,4,219.3,278.6,5,7,0
Sri Lanka,England,Away,Sri Lanka,bat,4,4,290.5,232.3,2,7,0
India,New Zealand,Away,New Zealand,field,3,5,259.4,259.3,9,9,0
England,Australia,Neutral,England,bat,0,5,244.4,274.8,5,1,0
England,Australia,Home,England,field,5,3,238.4,238.6,9,1,1
England,Sri Lanka,Home,England,bat,1,0,276.4,277.6,7,9,1
New Zealand,South Africa,Away,New Zealand,bat,4,1,261.5,254.7,2,5,1
England,Australia,Neutral,England,bat,4,3,238.8,287.2,6,0,0
South Africa,Sri Lanka,Home,South Africa,bat,2,0,273.0,285.2,8,7,1
South Africa,New Zealand,Neutral,South Africa,bat,4,4,280.3,254.4,9,2,1
New Zealand,West Indies,Neutral,New Zealand,field,1,3,268.7,252.4,6,1,1
South Africa,India,Home,South Africa,bat,0,4,303.0,189.5,2,4,0
England,West Indies,Home,England,field,5,4,245.4,257.2,4,1,1
South Africa,India,Home,South Africa,bat,5,0,252.8,253.9,7,7,1
Australia,England,Away,England,bat,1,4,257.1,263.7,2,5,0
South Africa,England,Home,South Africa,bat,4,0,306.3,260.5,6,8,1
Australia,West Indies,Home,West Indies,field,2,5,292.8,233.0,7,2,1
England,Pakistan,Neutral,England,field,4,5,234.5,266.5,2,6,0
Australia,England,Neutral,England,field,4,1,222.8,266.0,9,7,0
Australia,Pakistan,Away,Australia,bat,5,0,262.7,274.4,2,3,1
England,New Zealand,Home,England,field,4,5,225.5,298.3,0,9,0
New Zealand,Pakistan,Away,Pakistan,bat,5,5,262.2,246.1,6,2,0
Sri Lanka,West Indies,Neutral,West Indies,field,2,5,260.0,224.9,7,8,0
West Indies,England,Away,West Indies,bat,4,0,225.7,229.6,4,3,1
Sri Lanka,England,Away,Sri Lanka,field,1,5,271.3,226.5,1,8,0
South Africa,England,Home,England,bat,1,1,273.0,306.0,3,0,1
India,Sri Lanka,Away,Sri Lanka,field,5,5,288.8,270.4,9,7,1
West Indies,England,Home,West Indies,field,3,1,324.7,271.4,4,9,1
Australia,India,Neutral,India,field,4,4,252.9,238.9,1,8,0
Australia,West Indies,Neutral,Australia,bat,5,5,196.3,253.1,6,6,0
Australia,South Africa,Home,Australia,field,1,5,252.9,225.2,1,8,0
India,England,Home,England,field,5,1,250.0,304.5,3,1,1
West Indies,India,Away,West Indies,field,4,4,238.3,207.7,3,6,1
New Zealand,India,Away,India,bat,2,0,284.1,230.4,3,7,1
England,South Africa,Away,England,field,5,4,271.8,261.5,1,6,1
New Zealand,West Indies,Home,West Indies,bat,5,0,260.2,237.6,0,5,1
Pakistan,New Zealand,Away,New Zealand,field,0,2,264.9,269.4,0,1,0
England,West Indies,Home,West Indies,bat,0,4,291.4,267.0,1,9,0
Australia,India,Away,India,bat,2,3,231.2,243.9,7,8,0
West Indies,Sri Lanka,Away,Sri Lanka,bat,5,4,214.0,322.7,8,8,0
India,Sri Lanka,Away,India,field,0,2,257.8,224.0,0,3,1
Pakistan,New Zealand,Away,New Zealand,bat,2,0,252.6,290.9,0,8,0
Australia,West Indies,Away,Australia,field,2,4,229.9,288.2,6,6,0
New Zealand,West Indies,Away,New Zealand,field,0,1,205.1,266.3,5,3,0
New Zealand,Australia,Home,New Zealand,field,0,0,256.8,287.6,8,1,1
New Zealand,India,Away,New Zealand,field,2,3,252.7,242.2,8,3,1
New Zealand,South Africa,Neutral,New Zealand,bat,3,4,244.5,282.9,6,1,1
Sri Lanka,South Africa,Away,Sri Lanka,field,1,5,240.2,279.8,4,4,0
New Zealand,Australia,Away,New Zealand,bat,1,0,191.7,249.0,3,2,1
India,South Africa,Away,India,field,4,3,300.5,290.7,7,5,0
South Africa,West Indies,Away,South Africa,field,1,0,275.2,259.0,4,2,1
India,Pakistan,Away,Pakistan,bat,2,4,244.1,174.0,7,9,0
West Indies,New Zealand,Home,West Indies,bat,2,0,218.1,261.8,3,6,1
Australia,India,Away,India,bat,1,2,272.6,310.6,5,4,0
India,New Zealand,Home,India,bat,3,4,209.1,205.3,3,6,0
South Africa,New Zealand,Away,South Africa,bat,2,2,232.6,231.5,6,3,0
Pakistan,South Africa,Home,South Africa,field,2,1,263.6,271.0,7,8,1
West Indies,New Zealand,Home,West Indies,field,5,3,259.1,217.9,5,8,0
South Africa,New Zealand,Home,South Africa,bat,5,5,293.6,221.3,0,3,1
Sri Lanka,England,Neutral,England,field,2,2,263.9,237.1,9,1,1
India,Sri Lanka,Home,India,field,5,0,284.7,294.4,5,1,1
New Zealand,West Indies,Home,West Indies,bat,5,0,247.3,292.0,7,0,1
South Africa,New Zealand,Neutral,South Africa,field,2,3,235.2,264.3,5,7,0
India,England,Home,England,field,2,0,274.8,334.4,2,4,1
Pakistan,Australia,Away,Pakistan,bat,5,0,268.8,249.4,3,3,1
India,South Africa,Home,India,field,0,4,269.1,213.8,3,4,0
Sri Lanka,West Indies,Neutral,Sri Lanka,bat,0,0,293.2,244.7,8,5,1
India,England,Away,England,field,2,1,296.1,269.2,5,2,1
India,Pakistan,Home,India,field,4,1,289.1,259.7,6,5,1
South Africa,Sri Lanka,Away,South Africa,bat,0,0,276.3,286.8,9,5,0
Pakistan,New Zealand,Neutral,New Zealand,bat,1,4,284.0,228.7,5,6,1
India,Sri Lanka,Away,Sri Lanka,field,5,4,213.8,257.7,9,4,1
South Africa,Australia,Home,South Africa,field,5,4,285.9,236.9,4,8,1
England,India,Away,England,field,0,5,225.3,243.4,5,0,0
Sri Lanka,India,Away,Sri Lanka,bat,5,4,291.2,274.6,2,2,1
Sri Lanka,Pakistan,Away,Pakistan,field,0,3,288.8,229.2,7,7,1
West Indies,Sri Lanka,Away,West Indies,bat,3,5,301.6,238.7,7,4,1
Australia,New Zealand,Home,Australia,field,1,5,280.0,282.4,8,9,0
Australia,South Africa,Home,South Africa,field,5,1,290.5,250.1,0,4,1
West Indies,Sri Lanka,Neutral,Sri Lanka,bat,5,5,236.3,272.3,3,9,0
Sri Lanka,West Indies,Home,Sri Lanka,field,1,5,330.7,267.0,4,3,1
England,New Zealand,Neutral,New Zealand,bat,5,4,249.3,243.6,6,3,1
West Indies,Pakistan,Away,Pakistan,field,1,4,303.8,309.9,3,4,0
Pakistan,South Africa,Neutral,Pakistan,field,2,4,263.9,265.1,7,1,1
Sri Lanka,Australia,Neutral,Sri Lanka,field,0,3,242.7,273.5,4,0,0
West Indies,Sri Lanka,Away,West Indies,field,5,1,315.5,255.1,9,7,1
Australia,Pakistan,Home,Pakistan,field,1,4,254.9,280.0,2,0,0
Pakistan,South Africa,Home,Pakistan,field,5,5,303.1,257.5,8,3,1
Sri Lanka,Australia,Neutral,Australia,field,2,0,255.6,293.0,4,6,1
Australia,Pakistan,Away,Australia,field,5,0,264.5,238.0,5,6,1
England,New Zealand,Home,New Zealand,field,3,3,255.8,237.7,6,3,1
Sri Lanka,New Zealand,Home,Sri Lanka,field,4,5,230.0,270.7,6,3,1
South Africa,West Indies,Home,South Africa,bat,1,4,252.9,296.3,6,2,1
Pakistan,Australia,Home,Pakistan,bat,4,2,270.6,226.8,0,0,1
South Africa,Australia,Away,South Africa,bat,1,0,268.9,286.1,2,7,0
Australia,South Africa,Away,South Africa,field,0,5,246.8,281.6,5,3,0
England,Australia,Home,Australia,field,2,3,223.9,264.2,1,6,0
Australia,New Zealand,Neutral,New Zealand,bat,3,5,273.0,260.4,4,3,0
Pakistan,Sri Lanka,Away,Sri Lanka,bat,4,5,207.4,266.6,0,0,0
England,Sri Lanka,Away,England,bat,1,4,235.8,203.5,1,6,1
New Zealand,Sri Lanka,Home,New Zealand,field,0,5,266.2,258.0,5,8,0
England,South Africa,Home,South Africa,bat,3,1,257.8,233.6,6,1,1
Australia,Pakistan,Home,Pakistan,field,1,0,280.6,270.5,8,7,1
Pakistan,England,Neutral,England,field,5,4,237.7,234.7,9,6,1
New Zealand,India,Away,New Zealand,bat,2,1,209.4,242.3,0,4,1
Australia,West Indies,Away,Australia,field,5,1,273.6,200.4,0,1,1
England,New Zealand,Away,New Zealand,field,4,4,198.4,215.4,2,0,0
South Africa,Pakistan,Home,Pakistan,bat,0,1,237.0,262.0,8,5,0
Pakistan,New Zealand,Neutral,Pakistan,field,4,1,237.5,240.1,6,2,1
India,Australia,Away,India,field,5,1,296.1,265.6,9,6,1
South Africa,West Indies,Away,South Africa,field,4,1,241.7,279.4,4,7,1
Sri Lanka,West Indies,Away,Sri Lanka,field,1,0,308.4,228.6,2,5,1
England,Pakistan,Neutral,England,bat,4,0,283.9,289.0,3,8,0
England,Sri Lanka,Away,Sri Lanka,bat,5,2,289.8,255.5,7,0,1
South Africa,New Zealand,Home,New Zealand,field,1,5,279.8,273.4,8,1,1
Pakistan,England,Away,Pakistan,bat,3,5,286.2,302.8,7,9,0
South Africa,Sri Lanka,Home,South Africa,field,1,0,218.7,255.0,7,0,1
Australia,India,Neutral,India,field,3,3,246.7,232.1,9,1,1
South Africa,Sri Lanka,Home,South Africa,field,5,1,265.3,263.0,0,4,0
South Africa,West Indies,Away,South Africa,field,0,3,250.2,273.7,9,6,0
Pakistan,South Africa,Home,Pakistan,field,0,4,213.2,229.7,4,7,0
West Indies,New Zealand,Home,West Indies,bat,2,4,302.1,248.4,7,3,1
England,West Indies,Away,England,bat,2,2,231.1,301.6,9,7,0
South Africa,New Zealand,Neutral,South Africa,bat,5,2,240.8,321.3,9,9,0
England,West Indies,Away,England,bat,3,4,291.1,250.3,8,1,1
India,Sri Lanka,Home,Sri Lanka,bat,2,0,366.7,250.3,2,5,1
New Zealand,England,Away,New Zealand,bat,3,1,259.4,264.0,2,6,1
India,Sri Lanka,Away,Sri Lanka,bat,1,5,289.7,255.4,7,1,1
New Zealand,India,Neutral,New Zealand,bat,2,3,261.3,297.6,1,5,0
Australia,West Indies,Home,West Indies,bat,0,0,287.0,224.1,3,4,1
New Zealand,India,Home,New Zealand,bat,0,1,260.7,248.4,4,7,1
England,Sri Lanka,Away,England,bat,0,3,273.7,316.3,8,9,0
Pakistan,New Zealand,Home,Pakistan,bat,1,1,219.0,256.5,0,2,1
Pakistan,Australia,Home,Australia,field,4,4,294.1,232.4,3,9,0
New Zealand,South Africa,Away,New Zealand,bat,1,1,224.0,286.0,7,1,0
England,New Zealand,Away,New Zealand,field,2,0,279.5,246.3,0,8,0
Pakistan,South Africa,Home,South Africa,field,2,3,242.0,242.4,9,9,0
West Indies,Australia,Home,Australia,bat,2,4,276.6,308.8,7,8,0
West Indies,England,Neutral,West Indies,field,5,4,237.6,218.5,6,8,1
New Zealand,Australia,Neutral,New Zealand,bat,2,5,314.0,296.3,0,5,0
South Africa,West Indies,Home,South Africa,field,2,0,273.5,294.3,1,8,0
Pakistan,India,Home,Pakistan,bat,0,4,283.3,271.4,4,2,0
Pakistan,New Zealand,Home,New Zealand,field,1,1,270.4,265.3,4,6,1
Australia,South Africa,Home,Australia,bat,3,2,267.3,276.0,9,7,0
South Africa,New Zealand,Home,New Zealand,field,0,5,254.4,237.0,5,6,0
Pakistan,South Africa,Home,Pakistan,field,3,3,238.6,266.3,8,4,1
West Indies,Pakistan,Home,West Indies,bat,3,3,261.4,236.0,9,3,1
New Zealand,West Indies,Away,New Zealand,field,0,4,248.2,266.5,2,9,0
Australia,West Indies,Home,Australia,field,5,1,240.1,283.0,1,7,0
England,Pakistan,Neutral,Pakistan,field,3,4,197.1,323.1,6,4,0
Sri Lanka,Pakistan,Neutral,Sri Lanka,field,4,1,279.5,211.5,5,3,1
Australia,England,Neutral,Australia,field,5,2,227.7,288.3,9,3,1
New Zealand,India,Home,India,bat,1,0,268.4,308.2,0,3,1
Pakistan,India,Home,Pakistan,field,2,2,283.7,288.3,9,7,0
Australia,South Africa,Away,Australia,field,3,5,298.2,216.4,5,7,1
Sri Lanka,New Zealand,Away,New Zealand,field,2,1,254.3,273.0,9,7,1
Sri Lanka,Pakistan,Away,Pakistan,bat,0,3,238.4,243.7,8,2,1
Australia,Pakistan,Away,Australia,bat,0,3,286.6,300.5,8,0,1
India,Australia,Home,India,bat,3,2,316.6,287.5,4,4,1
Pakistan,India,Home,India,field,1,5,207.5,218.7,5,9,0
Pakistan,South Africa,Home,Pakistan,bat,5,3,236.2,239.9,2,7,1
South Africa,New Zealand,Neutral,New Zealand,field,4,5,223.1,231.1,7,8,1
New Zealand,Pakistan,Neutral,New Zealand,bat,0,2,231.9,272.0,5,9,0
South Africa,Sri Lanka,Neutral,South Africa,field,5,5,233.2,247.0,5,9,0
New Zealand,West Indies,Neutral,New Zealand,bat,2,1,247.5,285.8,7,9,1
South Africa,Sri Lanka,Home,Sri Lanka,field,3,5,297.2,255.4,6,2,1
India,Australia,Home,India,bat,2,1,213.0,254.5,8,1,1
West Indies,England,Away,West Indies,field,0,0,323.4,267.2,6,9,1
South Africa,England,Away,England,bat,5,2,262.8,308.3,2,1,0
Australia,South Africa,Away,South Africa,bat,3,3,270.5,280.0,9,1,0
Sri Lanka,West Indies,Neutral,West Indies,bat,5,0,217.3,288.3,3,2,1
India,Sri Lanka,Away,Sri Lanka,field,0,4,246.2,228.3,6,1,1
Pakistan,South Africa,Home,Pakistan,field,2,0,237.1,319.7,9,5,1
England,Sri Lanka,Home,England,bat,4,4,244.0,263.6,2,0,1
Pakistan,India,Away,Pakistan,bat,4,4,251.2,251.8,1,8,1
South Africa,Sri Lanka,Neutral,South Africa,bat,5,2,270.4,273.5,5,7,0
England,West Indies,Home,England,field,4,3,271.2,284.7,4,8,0
Pakistan,West Indies,Away,West Indies,bat,0,2,256.5,312.4,1,2,0
New Zealand,Sri Lanka,Away,Sri Lanka,bat,5,1,271.7,248.9,6,1,1
Australia,South Africa,Neutral,South Africa,bat,5,1,312.3,220.7,2,0,1
Pakistan,New Zealand,Home,Pakistan,field,1,0,240.2,266.8,0,9,0
New Zealand,Australia,Neutral,Australia,bat,2,3,221.4,278.9,3,6,0
New Zealand,India,Away,India,bat,4,4,231.9,249.3,7,7,1
West Indies,South Africa,Away,South Africa,field,2,3,249.2,250.5,1,3,0
South Africa,Sri Lanka,Away,Sri Lanka,bat,2,4,275.4,260.1,3,0,1
West Indies,Sri Lanka,Home,Sri Lanka,bat,5,3,284.3,232.5,4,8,1
England,Australia,Away,England,field,4,2,311.0,258.9,6,7,1
England,Australia,Away,England,field,3,2,257.9,268.6,7,9,1
New Zealand,Australia,Neutral,Australia,bat,3,3,264.3,205.8,4,9,1
Sri Lanka,West Indies,Home,Sri Lanka,bat,1,1,252.3,260.5,4,2,1
Sri Lanka,New Zealand,Neutral,Sri Lanka,bat,1,0,290.3,204.2,8,2,1
Pakistan,India,Home,India,bat,4,5,274.5,246.3,3,9,0
India,Pakistan,Away,Pakistan,field,5,5,250.0,246.8,1,8,0
India,West Indies,Away,India,field,3,3,286.4,252.7,6,4,1
India,New Zealand,Away,New Zealand,bat,0,0,246.3,297.2,9,9,0
India,West Indies,Away,West Indies,bat,5,3,296.7,273.2,0,2,1
Sri Lanka,South Africa,Away,Sri Lanka,bat,0,2,274.5,219.5,8,0,1
India,West Indies,Home,West Indies,field,1,3,256.0,301.9,1,0,0
Pakistan,Sri Lanka,Home,Sri Lanka,bat,4,3,261.0,260.8,3,1,0
South Africa,West Indies,Home,South Africa,bat,3,2,252.4,335.1,8,0,1
Australia,West Indies,Home,West Indies,bat,2,5,302.9,259.7,5,4,1
Australia,India,Home,India,bat,4,2,260.6,248.8,9,3,1
England,South Africa,Home,South Africa,field,2,0,226.3,299.1,8,3,0
England,South Africa,Neutral,England,bat,1,1,219.6,200.2,8,3,1
Pakistan,West Indies,Home,West Indies,field,3,2,279.7,268.6,2,7,1
India,Pakistan,Away,Pakistan,bat,0,2,269.7,264.8,5,3,0
New Zealand,England,Home,England,bat,5,2,252.4,202.9,2,5,1
Pakistan,Sri Lanka,Home,Sri Lanka,bat,2,5,247.0,254.2,1,9,0
New Zealand,Pakistan,Away,Pakistan,bat,3,2,212.2,275.6,7,4,0
Pakistan,Australia,Home,Pakistan,field,1,5,246.8,277.3,1,8,0
Pakistan,South Africa,Home,South Africa,bat,2,3,228.3,232.9,0,4,0
Pakistan,West Indies,Neutral,West Indies,bat,1,4,263.9,293.2,9,4,0
Sri Lanka,Pakistan,Home,Pakistan,field,0,4,236.6,258.0,1,7,0
New Zealand,England,Home,New Zealand,bat,4,0,232.1,199.7,7,0,1
Australia,Sri Lanka,Home,Sri Lanka,bat,2,5,240.1,240.0,7,4,0
Pakistan,West Indies,Away,Pakistan,field,1,5,281.0,243.2,7,2,1
Sri Lanka,New Zealand,Away,Sri Lanka,bat,1,5,202.6,280.3,4,8,0
India,England,Away,England,bat,0,2,285.4,272.8,7,7,1
England,India,Away,India,field,1,0,316.7,273.0,7,6,1
India,South Africa,Away,India,bat,1,1,254.0,288.0,1,6,0
India,West Indies,Home,India,bat,1,1,279.8,284.9,7,4,1
West Indies,New Zealand,Away,New Zealand,bat,2,4,310.9,261.9,6,7,1
New Zealand,West Indies,Away,New Zealand,bat,3,5,273.7,207.7,4,9,1
Sri Lanka,Australia,Away,Sri Lanka,bat,1,2,292.9,274.7,0,9,0
India,South Africa,Neutral,India,bat,0,3,344.1,225.9,2,7,1
India,England,Neutral,India,field,0,3,254.9,231.4,5,4,0
Australia,South Africa,Neutral,South Africa,field,5,1,263.4,179.8,3,7,1
England,South Africa,Away,South Africa,bat,4,4,250.1,229.2,3,2,1
Australia,West Indies,Away,Australia,field,1,1,233.1,262.6,6,8,0
India,South Africa,Away,India,bat,1,5,247.6,301.0,7,0,0
England,New Zealand,Away,New Zealand,field,0,4,292.4,272.3,5,2,0
India,West Indies,Home,India,bat,5,1,240.2,284.1,4,4,0
New Zealand,England,Home,New Zealand,bat,2,2,262.9,204.3,0,4,1
England,Sri Lanka,Home,Sri Lanka,field,3,5,271.0,224.8,2,5,1
India,Pakistan,Away,Pakistan,bat,4,4,265.5,187.8,3,9,1
Sri Lanka,West Indies,Away,Sri Lanka,bat,3,2,285.0,289.0,3,1,0
West Indies,India,Home,India,bat,0,3,278.4,295.7,1,7,0
New Zealand,Australia,Away,Australia,field,1,2,258.3,301.5,0,4,0
Pakistan,Australia,Home,Australia,bat,2,2,239.7,227.7,1,9,0
India,West Indies,Home,West Indies,field,5,4,237.6,259.1,3,8,0
South Africa,New Zealand,Home,South Africa,field,3,3,262.3,256.1,1,9,0
Pakistan,England,Neutral,Pakistan,field,4,4,304.3,230.2,9,2,1
Sri Lanka,Pakistan,Home,Sri Lanka,bat,4,3,234.2,228.5,9,2,1
India,Sri Lanka,Home,India,bat,4,2,292.5,266.4,8,3,1
Pakistan,India,Away,India,bat,3,4,265.1,231.8,0,4,0
India,England,Home,India,bat,5,1,273.8,226.1,1,8,1
West Indies,New Zealand,Away,West Indies,field,5,5,310.5,252.1,9,6,0
Australia,Sri Lanka,Away,Australia,bat,3,1,244.8,253.8,3,8,0
England,West Indies,Home,West Indies,bat,4,4,304.5,220.5,5,3,1
Australia,New Zealand,Home,Australia,field,0,4,264.0,274.3,3,1,1
Pakistan,England,Away,England,bat,5,0,249.6,204.4,7,8,1
New Zealand,South Africa,Away,New Zealand,field,4,0,284.1,205.7,8,3,1
South Africa,India,Neutral,South Africa,bat,4,2,288.7,298.9,8,2,0
India,South Africa,Neutral,India,bat,5,1,203.9,231.4,9,0,1
Pakistan,West Indies,Away,Pakistan,field,0,4,265.2,263.5,4,4,0
England,India,Home,England,field,3,4,253.4,273.3,3,7,0
England,New Zealand,Home,New Zealand,field,3,5,208.3,316.0,8,5,0
West Indies,Pakistan,Away,Pakistan,bat,3,1,230.8,228.1,0,7,1
Pakistan,England,Away,England,bat,0,1,292.9,277.2,4,5,0
Pakistan,Sri Lanka,Neutral,Pakistan,bat,2,4,212.9,251.6,3,2,1
New Zealand,West Indies,Home,New Zealand,bat,2,2,294.0,280.6,9,7,1
South Africa,West Indies,Away,West Indies,bat,2,2,265.8,247.1,2,8,1
South Africa,West Indies,Neutral,South Africa,bat,2,4,281.0,242.6,4,3,0
Pakistan,South Africa,Away,Pakistan,bat,4,5,215.0,269.8,6,1,0
South Africa,India,Neutral,South Africa,field,0,1,250.1,266.1,5,7,0
India,South Africa,Away,India,bat,3,1,305.4,251.8,8,7,1
Australia,Sri Lanka,Home,Sri Lanka,bat,0,5,222.3,234.1,5,5,0
India,Australia,Neutral,India,bat,5,4,229.4,298.3,6,5,0
South Africa,New Zealand,Neutral,New Zealand,bat,3,3,280.5,275.4,6,0,1
South Africa,England,Neutral,South Africa,bat,0,0,196.5,260.2,3,8,1
Australia,New Zealand,Home,Australia,bat,3,0,241.0,261.0,2,4,1
New Zealand,Sri Lanka,Away,Sri Lanka,bat,1,1,271.8,208.6,1,1,1
New Zealand,Sri Lanka,Home,New Zealand,field,4,1,212.9,277.5,3,3,1
India,West Indies,Home,India,field,0,4,246.8,242.8,9,3,0
New Zealand,Pakistan,Neutral,Pakistan,field,5,1,240.8,285.2,1,7,0
Sri Lanka,India,Home,Sri Lanka,field,4,0,268.9,242.4,7,2,1
Pakistan,England,Away,Pakistan,field,0,1,301.9,250.1,9,9,0
Australia,West Indies,Away,West Indies,bat,4,2,282.7,245.7,0,3,1
England,New Zealand,Home,England,field,5,3,269.7,254.0,4,0,1
India,New Zealand,Home,New Zealand,field,3,4,246.1,275.5,2,7,0
India,Australia,Home,India,bat,1,3,292.4,292.8,0,9,0
New Zealand,Sri Lanka,Away,Sri Lanka,bat,3,1,249.2,280.9,5,7,0
Pakistan,West Indies,Home,Pakistan,bat,0,2,306.6,241.0,0,8,0
Pakistan,England,Away,England,field,0,0,274.2,252.9,6,3,1
England,South Africa,Home,England,bat,5,1,265.6,297.9,7,9,1
England,Pakistan,Neutral,Pakistan,field,5,3,297.9,275.2,6,9,0
England,India,Away,England,field,1,1,263.8,240.3,4,5,1
India,Sri Lanka,Home,India,field,0,4,255.1,301.4,3,7,0
Pakistan,England,Home,Pakistan,bat,4,2,276.5,236.1,3,7,0
Australia,New Zealand,Away,New Zealand,bat,3,3,260.2,277.4,2,7,0
South Africa,Australia,Away,South Africa,bat,2,1,284.2,243.9,6,8,1
New Zealand,Australia,Away,Australia,field,0,0,271.2,287.1,6,2,0
New Zealand,West Indies,Home,New Zealand,field,0,2,319.6,281.7,6,9,0
Sri Lanka,New Zealand,Away,Sri Lanka,bat,5,2,260.0,255.5,4,5,1
India,Sri Lanka,Neutral,Sri Lanka,field,4,4,277.1,273.4,7,6,0
West Indies,Sri Lanka,Neutral,West Indies,field,2,1,264.5,237.3,0,7,0
West Indies,Australia,Away,West Indies,bat,1,2,251.4,253.1,4,2,1
India,South Africa,Home,India,field,4,5,310.7,294.1,9,8,1
India,West Indies,Away,West Indies,bat,2,2,265.8,275.0,1,8,0
Pakistan,India,Home,India,field,4,4,284.1,269.7,2,3,0
England,Australia,Home,Australia,field,3,5,232.8,268.4,4,6,0
Pakistan,Sri Lanka,Home,Pakistan,field,1,0,249.8,277.7,8,8,1
India,England,Home,England,bat,3,2,263.3,253.1,7,8,0
West Indies,Sri Lanka,Away,Sri Lanka,field,2,3,277.2,259.6,5,1,1
South Africa,England,Home,England,field,4,1,224.9,265.4,3,5,0
Australia,Pakistan,Neutral,Australia,bat,3,3,243.6,284.4,4,2,0
Australia,Sri Lanka,Home,Sri Lanka,field,5,2,264.3,299.5,9,3,0
Pakistan,West Indies,Home,Pakistan,bat,4,1,286.3,278.9,7,6,1
England,Australia,Neutral,England,field,4,1,257.9,283.9,9,6,0
Pakistan,India,Neutral,India,bat,2,5,254.4,238.8,4,1,1
South Africa,West Indies,Home,South Africa,bat,1,2,217.9,234.4,5,4,0
England,South Africa,Away,England,bat,1,2,270.1,273.5,3,0,1
India,Sri Lanka,Home,Sri Lanka,field,1,2,228.2,249.6,8,2,1
India,Sri Lanka,Away,Sri Lanka,bat,3,0,270.5,258.2,4,8,1
Australia,New Zealand,Home,Australia,field,2,0,274.7,208.7,0,6,1
South Africa,India,Away,India,bat,1,1,223.0,254.0,0,7,0
West Indies,Pakistan,Neutral,West Indies,bat,2,5,183.6,224.0,0,0,0
Pakistan,Australia,Neutral,Australia,bat,1,1,267.3,282.2,9,7,1
England,India,Away,India,field,2,0,231.5,260.6,4,4,1
New Zealand,India,Home,India,bat,0,1,271.8,283.8,5,2,0
Australia,England,Away,England,field,4,0,285.6,263.9,2,3,1
England,Sri Lanka,Neutral,Sri Lanka,bat,3,2,200.3,251.4,0,6,0
England,Australia,Home,Australia,field,5,0,257.3,238.9,0,2,1
South Africa,Sri Lanka,Neutral,South Africa,field,5,1,247.7,279.5,0,7,0
England,West Indies,Home,West Indies,bat,3,5,276.7,238.0,0,3,0
Sri Lanka,Australia,Away,Sri Lanka,field,0,5,249.1,221.4,9,3,0
South Africa,Australia,Away,South Africa,field,4,5,253.6,257.9,8,2,1
South Africa,New Zealand,Neutral,South Africa,bat,0,5,218.3,213.6,4,0,0
South Africa,India,Neutral,South Africa,bat,0,4,231.5,250.9,9,6,0
Australia,Sri Lanka,Neutral,Sri Lanka,field,2,2,276.7,245.9,2,5,0
India,Sri Lanka,Away,Sri Lanka,field,2,5,232.4,281.4,0,3,0
Australia,Pakistan,Away,Pakistan,field,0,5,257.1,251.7,7,1,0
South Africa,Sri Lanka,Neutral,Sri Lanka,bat,4,5,291.6,287.1,5,4,1
Pakistan,Australia,Away,Australia,bat,3,0,242.6,265.7,9,8,1
New Zealand,Australia,Home,Australia,field,0,3,312.3,247.6,2,4,0
West Indies,New Zealand,Home,New Zealand,bat,5,1,254.3,222.8,5,3,1
England,South Africa,Home,England,field,3,1,261.8,236.6,7,5,1
England,South Africa,Away,South Africa,bat,3,4,238.5,253.9,6,7,0
Australia,England,Home,England,bat,4,0,224.6,257.4,7,8,1
Pakistan,England,Away,England,field,5,4,214.7,264.6,3,4,1
Sri Lanka,West Indies,Neutral,West Indies,bat,3,0,261.4,265.2,2,1,1
South Africa,West Indies,Neutral,West Indies,bat,4,1,261.5,207.8,8,5,1
West Indies,India,Away,West Indies,field,0,4,243.2,263.6,9,7,0
Australia,India,Neutral,Australia,bat,5,5,281.0,226.8,5,0,1
England,India,Neutral,England,bat,2,1,315.9,205.7,1,1,0
Australia,Sri Lanka,Neutral,Sri Lanka,field,0,3,282.4,195.0,2,1,1
Sri Lanka,South Africa,Away,Sri Lanka,bat,3,3,252.8,282.5,6,1,1
Sri Lanka,South Africa,Neutral,Sri Lanka,field,4,1,238.2,236.1,5,7,1
South Africa,England,Home,England,field,5,5,269.1,275.3,7,7,1
Sri Lanka,Australia,Neutral,Sri Lanka,bat,0,0,221.8,252.7,4,0,1
South Africa,New Zealand,Home,South Africa,bat,1,1,285.9,237.9,0,1,1
New Zealand,South Africa,Home,New Zealand,field,4,2,279.2,246.2,1,0,1
Sri Lanka,New Zealand,Neutral,New Zealand,bat,1,5,264.3,339.5,7,2,0
New Zealand,South Africa,Neutral,New Zealand,field,4,5,292.4,297.3,6,0,0
West Indies,New Zealand,Home,West Indies,bat,0,0,294.2,238.2,1,3,1
West Indies,Sri Lanka,Away,West Indies,bat,2,5,246.0,260.1,9,4,1
New Zealand,Australia,Home,New Zealand,bat,5,3,261.1,269.6,0,7,0
India,Australia,Away,Australia,bat,1,3,258.4,280.7,3,3,1
New Zealand,India,Home,India,field,3,0,329.4,250.6,6,5,1
New Zealand,Pakistan,Home,New Zealand,field,4,2,332.9,294.5,8,4,1
Pakistan,Sri Lanka,Away,Pakistan,bat,1,1,277.8,240.0,4,8,1
India,Pakistan,Away,Pakistan,field,1,4,342.5,316.1,7,0,1
Pakistan,Australia,Home,Australia,bat,3,0,247.1,305.3,6,5,0
Pakistan,New Zealand,Home,Pakistan,bat,3,2,310.6,188.5,8,5,1
Australia,England,Away,England,field,3,1,273.9,299.7,7,5,1
New Zealand,England,Neutral,England,field,3,2,260.8,249.8,3,7,1
India,New Zealand,Neutral,India,bat,5,2,335.9,253.2,8,7,1
West Indies,Sri Lanka,Away,Sri Lanka,field,3,1,288.7,306.7,4,8,0
Pakistan,England,Away,England,field,5,5,314.2,310.7,1,2,0
Sri Lanka,West Indies,Away,Sri Lanka,bat,3,1,229.9,256.0,7,8,1
Australia,West Indies,Home,West Indies,bat,3,0,258.9,269.6,8,4,1
West Indies,South Africa,Away,West Indies,field,0,0,262.9,301.3,6,2,0
Australia,New Zealand,Away,New Zealand,bat,1,0,290.0,248.3,2,0,1
New Zealand,Pakistan,Away,Pakistan,field,5,2,274.2,243.1,8,3,1
Sri Lanka,England,Home,Sri Lanka,bat,2,0,231.9,282.1,9,4,1
Sri Lanka,West Indies,Away,West Indies,field,4,2,290.1,318.7,4,8,0
Pakistan,India,Home,Pakistan,field,0,3,272.9,236.5,6,4,0
England,West Indies,Neutral,West Indies,field,0,1,218.2,229.7,4,2,0
South Africa,Pakistan,Home,South Africa,field,5,0,291.6,255.2,4,0,1
Pakistan,South Africa,Neutral,Pakistan,bat,1,1,273.8,270.5,3,3,1
New Zealand,England,Home,New Zealand,field,2,3,232.9,272.2,5,5,0
England,Australia,Away,England,bat,1,1,258.8,196.4,4,5,0
South Africa,Australia,Away,Australia,field,2,2,276.0,249.9,9,6,1
Australia,Sri Lanka,Home,Sri Lanka,bat,3,2,254.6,245.3,3,8,1
England,Sri Lanka,Home,England,bat,0,0,279.5,240.0,6,8,1
Sri Lanka,India,Home,India,field,0,5,273.1,292.2,5,8,0
West Indies,India,Away,West Indies,bat,1,4,248.7,234.3,6,5,0
Pakistan,Sri Lanka,Home,Pakistan,bat,5,1,261.3,249.9,2,5,1
Sri Lanka,West Indies,Away,West Indies,field,2,5,205.5,231.4,6,3,1
South Africa,Sri Lanka,Home,South Africa,bat,0,2,250.6,302.6,1,7,0
Pakistan,South Africa,Home,Pakistan,bat,2,0,278.0,247.4,2,1,1
South Africa,England,Neutral,South Africa,bat,4,0,296.6,177.8,8,6,1
Sri Lanka,Australia,Home,Australia,bat,1,3,234.2,282.8,9,7,0
England,South Africa,Away,South Africa,field,1,0,250.5,261.3,8,1,0
England,India,Home,England,field,3,1,259.0,243.4,0,7,1
South Africa,Pakistan,Home,South Africa,field,3,4,217.2,271.9,2,8,0
India,Sri Lanka,Home,India,bat,1,2,292.3,252.0,6,0,1
Australia,South Africa,Neutral,Australia,field,5,5,288.2,249.5,3,5,1
New Zealand,South Africa,Home,New Zealand,field,2,0,245.3,234.6,2,2,1
Pakistan,England,Home,England,bat,2,2,249.6,284.6,9,5,0
England,New Zealand,Neutral,New Zealand,field,3,2,247.8,268.5,2,2,0
India,West Indies,Neutral,India,bat,1,1,276.2,273.0,9,8,0
Australia,India,Neutral,Australia,bat,2,0,263.3,298.9,4,8,1
South Africa,New Zealand,Away,South Africa,field,2,3,274.2,284.0,6,6,1
West Indies,Sri Lanka,Away,Sri Lanka,bat,4,5,287.2,306.1,1,2,1
West Indies,Australia,Neutral,West Indies,bat,0,5,213.9,307.4,3,2,0
New Zealand,Sri Lanka,Home,Sri Lanka,field,3,1,220.0,252.9,3,4,0
Australia,Sri Lanka,Home,Sri Lanka,bat,0,5,320.7,253.6,5,6,1
West Indies,South Africa,Neutral,South Africa,field,0,3,280.0,248.2,2,2,1
West Indies,New Zealand,Away,New Zealand,field,0,4,249.0,194.5,5,1,1
West Indies,New Zealand,Neutral,West Indies,bat,5,0,286.5,263.4,1,7,1
New Zealand,Australia,Home,Australia,bat,0,5,259.7,300.7,3,0,0
Pakistan,West Indies,Away,West Indies,bat,3,4,285.2,212.5,8,2,1
Pakistan,West Indies,Neutral,Pakistan,field,3,3,259.8,252.7,3,6,1
India,New Zealand,Home,New Zealand,bat,5,4,229.4,299.0,8,3,1
West Indies,South Africa,Home,West Indies,field,5,2,186.6,201.7,6,2,1
New Zealand,West Indies,Home,New Zealand,bat,2,2,255.2,277.2,7,9,1
Australia,Pakistan,Home,Australia,bat,5,5,231.7,277.7,0,3,0
South Africa,India,Neutral,India,bat,4,3,263.3,251.6,8,4,1
England,West Indies,Away,West Indies,field,5,3,285.6,262.9,6,3,1
West Indies,England,Home,West Indies,bat,1,0,320.2,298.4,2,3,1
England,Pakistan,Home,England,field,4,4,271.8,309.0,7,0,1
Australia,England,Away,England,bat,5,4,257.1,222.8,2,5,1
South Africa,India,Away,India,bat,0,4,333.1,163.2,2,0,1
Australia,India,Away,India,bat,2,2,247.2,306.1,2,4,0
England,West Indies,Away,West Indies,field,4,3,275.6,302.5,4,9,1
West Indies,New Zealand,Away,West Indies,bat,0,3,214.2,243.7,8,0,1
South Africa,Sri Lanka,Neutral,Sri Lanka,bat,0,3,278.0,228.9,2,7,1
England,Sri Lanka,Home,England,field,3,5,200.7,280.2,5,8,0
Pakistan,West Indies,Neutral,West Indies,field,2,1,243.3,262.2,0,0,1
West Indies,Pakistan,Away,Pakistan,field,1,4,252.1,234.7,6,5,1
Sri Lanka,Australia,Home,Australia,bat,0,3,315.4,261.0,8,5,1
New Zealand,England,Home,England,field,2,0,282.5,283.7,9,6,1
England,South Africa,Away,England,bat,3,4,221.6,253.0,2,2,0
West Indies,New Zealand,Home,New Zealand,field,4,5,279.7,196.9,4,8,1
England,Australia,Away,Australia,field,2,3,253.5,271.6,9,6,1
South Africa,Pakistan,Neutral,South Africa,bat,5,4,272.7,252.8,2,6,1
West Indies,India,Away,India,field,2,1,220.4,264.5,0,8,0
Pakistan,England,Neutral,Pakistan,field,2,4,231.6,244.9,2,4,0
India,New Zealand,Neutral,India,bat,3,3,209.7,258.1,5,3,0
Pakistan,India,Neutral,Pakistan,field,1,3,223.9,257.2,1,3,0
Pakistan,India,Away,India,bat,4,5,239.7,219.1,6,8,0
England,New Zealand,Home,New Zealand,field,4,4,269.9,258.8,9,9,1
Australia,Pakistan,Away,Australia,field,1,1,233.8,323.2,4,0,0
Pakistan,England,Neutral,Pakistan,bat,0,4,261.0,313.2,6,4,0
New Zealand,West Indies,Neutral,New Zealand,field,3,2,230.8,241.8,2,6,1
India,West Indies,Neutral,India,field,3,5,324.3,240.5,1,5,1
Pakistan,West Indies,Neutral,West Indies,bat,5,4,313.2,221.7,8,1,1
India,Sri Lanka,Neutral,Sri Lanka,field,3,4,319.2,232.9,6,3,1
South Africa,Australia,Away,South Africa,field,1,4,288.0,263.4,3,6,1
West Indies,Australia,Away,Australia,bat,5,1,275.1,263.8,0,6,1
England,Australia,Home,England,field,3,4,266.9,267.6,3,3,1
West Indies,Australia,Away,West Indies,field,4,0,267.4,241.5,0,3,1
Pakistan,New Zealand,Home,Pakistan,field,4,1,277.0,282.0,0,9,1
England,Sri Lanka,Away,Sri Lanka,field,5,1,242.2,235.1,6,7,1
Sri Lanka,South Africa,Home,South Africa,bat,4,0,239.8,288.0,5,1,1
England,Australia,Home,Australia,field,5,3,194.0,220.1,3,0,1
India,New Zealand,Away,New Zealand,bat,1,0,290.6,243.1,6,4,1
Sri Lanka,West Indies,Neutral,West Indies,bat,5,0,323.5,292.1,5,7,1
Australia,West Indies,Home,Australia,bat,5,4,239.1,245.2,1,5,0
West Indies,India,Home,West Indies,bat,3,5,301.5,242.0,0,4,1
Australia,New Zealand,Away,New Zealand,bat,3,4,308.6,257.6,1,2,0
Pakistan,India,Home,India,bat,1,3,263.9,272.5,3,9,0
England,Sri Lanka,Home,Sri Lanka,bat,0,5,279.6,278.3,9,7,0
West Indies,South Africa,Neutral,West Indies,bat,1,3,270.5,284.8,0,5,0
New Zealand,Australia,Away,New Zealand,bat,2,3,267.3,293.0,6,4,0
Sri Lanka,Australia,Away,Australia,field,1,3,242.6,259.7,4,1,0
England,Sri Lanka,Away,England,bat,5,1,267.2,269.2,3,8,1
Australia,India,Neutral,India,field,1,3,258.4,253.0,5,4,0
Australia,India,Neutral,Australia,field,3,3,245.2,277.6,6,7,0
Sri Lanka,West Indies,Neutral,Sri Lanka,field,2,2,279.7,299.2,2,8,1
England,Pakistan,Home,England,field,0,5,228.9,197.2,5,4,0
India,South Africa,Away,South Africa,field,2,0,243.5,277.2,8,9,1
New Zealand,India,Home,India,field,0,5,280.4,242.0,9,7,0
Australia,England,Home,Australia,bat,5,0,305.7,252.3,4,1,1
West Indies,Australia,Neutral,West Indies,field,5,2,255.9,249.5,5,2,1
India,Pakistan,Away,India,bat,4,4,202.6,276.0,8,8,0
Pakistan,England,Home,England,bat,1,4,295.5,247.3,2,7,1
Australia,England,Home,England,field,0,0,241.4,232.1,6,4,1
New Zealand,South Africa,Away,New Zealand,field,3,5,302.7,224.4,4,5,1
England,Pakistan,Home,England,bat,4,2,307.3,272.5,3,1,1
West Indies,New Zealand,Home,West Indies,bat,4,3,248.1,297.0,5,0,1
England,South Africa,Neutral,South Africa,bat,3,1,274.3,286.4,2,0,1
West Indies,Australia,Home,West Indies,field,5,0,280.7,251.0,5,2,1
Australia,Sri Lanka,Neutral,Sri Lanka,field,3,1,249.5,298.3,0,1,0
England,Pakistan,Home,Pakistan,field,3,3,269.0,289.1,0,2,1
West Indies,Pakistan,Home,Pakistan,bat,1,0,219.4,257.7,0,1,0
South Africa,India,Neutral,India,bat,2,3,230.9,223.8,2,0,1
West Indies,Australia,Home,West Indies,bat,0,1,241.7,326.8,3,2,0
India,England,Home,India,bat,1,5,288.2,247.2,9,6,1
England,West Indies,Home,England,bat,0,3,302.0,293.5,3,7,0
New Zealand,Sri Lanka,Away,Sri Lanka,field,3,2,248.7,268.5,3,8,0
South Africa,Pakistan,Neutral,South Africa,bat,4,0,299.6,300.8,6,5,0
South Africa,New Zealand,Home,South Africa,bat,1,5,282.2,260.3,0,4,1
Australia,New Zealand,Neutral,Australia,field,2,4,292.7,239.8,9,3,1
Australia,West Indies,Home,West Indies,field,2,1,289.4,223.0,1,7,0
England,Sri Lanka,Away,England,field,0,1,265.2,259.6,4,0,0
Pakistan,New Zealand,Home,Pakistan,bat,5,4,230.8,237.6,2,7,0
England,South Africa,Away,South Africa,bat,5,2,290.2,299.7,6,2,1
New Zealand,South Africa,Away,South Africa,field,4,0,264.2,299.0,9,4,1
England,Pakistan,Away,England,bat,5,2,260.4,252.1,6,0,1
Australia,South Africa,Away,Australia,bat,2,0,273.1,224.3,4,4,1
South Africa,England,Neutral,England,field,3,3,245.9,310.6,3,2,0
England,South Africa,Neutral,South Africa,field,0,4,273.2,297.5,0,6,0
New Zealand,India,Away,India,bat,0,4,272.4,223.9,8,7,0
Australia,India,Away,India,field,0,3,260.6,252.5,4,4,0
Pakistan,Sri Lanka,Away,Pakistan,field,3,4,247.6,270.5,1,6,0
West Indies,England,Home,England,field,5,2,271.0,247.0,6,2,1
New Zealand,Australia,Away,New Zealand,field,2,4,217.3,303.0,1,5,0
South Africa,Sri Lanka,Home,Sri Lanka,bat,3,0,260.4,254.4,8,6,1
England,South Africa,Home,South Africa,field,2,4,252.3,253.2,6,4,1
West Indies,England,Neutral,West Indies,field,1,3,279.9,289.7,6,3,0
South Africa,Sri Lanka,Away,Sri Lanka,bat,2,0,232.5,293.0,3,5,0
Pakistan,West Indies,Home,West Indies,field,1,2,257.6,291.4,2,7,1
South Africa,New Zealand,Away,New Zealand,field,5,3,296.8,271.0,1,4,1
New Zealand,West Indies,Neutral,West Indies,bat,3,5,220.4,176.9,4,3,1
Sri Lanka,West Indies,Home,West Indies,field,4,5,230.7,296.1,2,0,0
New Zealand,West Indies,Away,New Zealand,bat,5,1,200.1,306.9,9,9,1
West Indies,Sri Lanka,Home,West Indies,field,4,5,271.1,261.4,6,4,1
New Zealand,West Indies,Neutral,New Zealand,field,2,4,258.9,283.5,3,8,0
Australia,South Africa,Home,South Africa,field,3,0,238.1,218.9,6,9,0
New Zealand,South Africa,Home,South Africa,field,2,0,250.1,235.7,7,9,0
South Africa,New Zealand,Away,South Africa,bat,0,5,226.5,255.8,5,4,0
New Zealand,Sri Lanka,Neutral,Sri Lanka,field,3,1,268.3,197.7,9,7,1
Sri Lanka,New Zealand,Home,New Zealand,field,4,0,277.0,252.8,4,1,1
India,Pakistan,Neutral,Pakistan,bat,0,5,231.9,217.8,7,8,0
Pakistan,England,Away,England,field,5,3,284.8,234.3,1,6,1
West Indies,Australia,Home,West Indies,bat,2,5,296.8,232.0,3,7,0
Pakistan,India,Home,Pakistan,bat,1,4,345.4,282.5,8,7,1
South Africa,India,Home,South Africa,field,1,3,247.0,268.4,5,1,1
West Indies,Australia,Away,West Indies,field,4,2,246.1,209.7,9,2,1
West Indies,England,Away,England,field,3,0,288.5,291.6,9,8,1
West Indies,Australia,Neutral,Australia,field,3,0,307.4,228.6,6,9,1
New Zealand,Pakistan,Neutral,Pakistan,field,0,0,219.4,260.1,7,9,1
England,Sri Lanka,Away,Sri Lanka,field,0,0,299.0,319.3,8,3,0
India,Sri Lanka,Neutral,India,bat,2,1,275.1,296.1,6,0,1
West Indies,Sri Lanka,Away,West Indies,field,5,1,278.4,249.0,5,0,1
West Indies,New Zealand,Home,West Indies,bat,5,5,223.9,276.8,6,4,1
Sri Lanka,West Indies,Neutral,Sri Lanka,bat,0,3,244.4,319.2,0,8,0
West Indies,Australia,Home,West Indies,field,4,3,284.6,229.5,6,5,0
Sri Lanka,Australia,Away,Australia,bat,5,5,253.8,250.9,1,0,0
South Africa,Australia,Away,South Africa,field,5,4,253.7,239.7,3,4,0
Sri Lanka,South Africa,Neutral,South Africa,bat,5,3,259.3,234.0,5,3,1
West Indies,Australia,Neutral,Australia,field,5,4,248.7,290.8,9,0,0
England,New Zealand,Neutral,England,bat,2,3,270.1,244.5,4,3,1
Australia,Sri Lanka,Neutral,Australia,field,0,2,292.6,267.4,1,0,1
Pakistan,India,Neutral,India,field,4,2,283.4,253.9,1,9,0
England,India,Away,India,field,5,0,240.3,206.4,2,7,1
New Zealand,South Africa,Away,New Zealand,field,5,0,242.4,224.3,2,5,0
England,Australia,Home,England,field,1,3,235.8,296.4,9,5,1
Pakistan,England,Neutral,England,field,0,1,223.5,292.9,9,0,0
West Indies,India,Home,West Indies,field,0,4,282.7,289.8,4,1,1
West Indies,Australia,Home,West Indies,bat,1,4,258.3,249.3,2,3,1
West Indies,Australia,Away,Australia,bat,2,3,277.8,250.8,3,5,1
Australia,Sri Lanka,Home,Australia,bat,2,2,311.4,255.3,7,4,1
Pakistan,Australia,Away,Australia,bat,3,3,274.5,323.8,7,3,0
Sri Lanka,Pakistan,Away,Pakistan,field,3,0,237.3,233.1,4,8,1
India,New Zealand,Home,New Zealand,field,5,3,237.0,264.9,1,0,1
Sri Lanka,New Zealand,Away,New Zealand,field,3,1,283.8,244.8,9,7,1
Australia,England,Home,England,bat,1,0,254.3,200.5,3,1,1
England,New Zealand,Home,England,bat,0,4,228.1,265.7,6,0,1
West Indies,Pakistan,Away,Pakistan,field,2,0,255.2,237.0,7,9,0
Sri Lanka,South Africa,Neutral,South Africa,bat,1,4,300.0,222.4,7,7,0
Australia,New Zealand,Home,New Zealand,field,0,5,274.1,289.6,0,5,0
West Indies,Pakistan,Home,Pakistan,field,5,0,256.5,269.2,4,9,1
Pakistan,Australia,Neutral,Pakistan,field,1,1,266.5,223.8,4,4,0
New Zealand,South Africa,Home,New Zealand,field,3,2,273.0,300.7,7,1,1
Pakistan,West Indies,Home,West Indies,field,4,5,242.6,255.0,6,3,1
Pakistan,England,Home,Pakistan,field,1,1,215.3,224.1,4,9,0
Sri Lanka,Australia,Neutral,Sri Lanka,bat,3,1,264.6,222.3,6,3,1
New Zealand,India,Home,India,field,2,4,272.5,304.5,9,0,0
Australia,South Africa,Away,Australia,bat,4,0,268.5,189.2,1,0,1
Pakistan,England,Home,Pakistan,field,2,0,251.5,244.0,1,9,0
Australia,Pakistan,Home,Australia,bat,1,5,261.1,233.0,0,1,0
England,Pakistan,Away,Pakistan,bat,1,2,234.9,259.4,2,4,1
Pakistan,New Zealand,Home,Pakistan,field,0,2,293.7,246.3,3,8,1
England,Sri Lanka,Home,Sri Lanka,field,2,1,306.6,232.0,2,7,1
England,West Indies,Away,England,field,3,0,271.1,266.4,1,5,1
Sri Lanka,Australia,Away,Sri Lanka,field,5,0,211.4,236.6,4,5,1
England,Pakistan,Away,Pakistan,bat,2,5,284.5,238.7,1,2,1
New Zealand,Australia,Home,New Zealand,bat,5,0,267.2,280.4,1,5,1
England,Pakistan,Away,England,field,4,3,281.7,308.2,6,2,1
Sri Lanka,West Indies,Home,West Indies,field,3,2,277.4,290.8,6,9,0
South Africa,India,Home,India,field,5,4,302.2,265.6,4,5,1
New Zealand,Pakistan,Away,New Zealand,bat,3,1,287.4,242.3,8,7,1
Pakistan,Sri Lanka,Home,Pakistan,field,2,4,233.9,244.9,7,0,1
Australia,South Africa,Away,Australia,bat,1,2,248.5,270.5,8,6,0
West Indies,Australia,Away,West Indies,field,4,0,311.1,256.6,4,8,1
Pakistan,New Zealand,Away,Pakistan,bat,4,2,232.6,235.1,8,6,1
Sri Lanka,West Indies,Home,West Indies,field,4,3,211.0,304.5,5,1,0
West Indies,England,Home,England,bat,3,2,255.9,333.8,0,9,0
India,Australia,Home,Australia,field,1,0,258.9,253.1,2,5,1
Australia,New Zealand,Home,New Zealand,bat,1,5,249.9,252.8,4,8,0
Sri Lanka,Australia,Away,Sri Lanka,field,5,5,275.5,259.7,4,6,0
England,Pakistan,Away,Pakistan,field,3,0,278.2,278.7,0,7,1
India,Sri Lanka,Home,India,bat,3,1,224.1,325.7,4,4,1
England,Australia,Neutral,Australia,bat,5,5,314.1,223.7,7,5,1
India,West Indies,Home,India,field,4,4,247.5,238.6,3,7,0
Sri Lanka,Pakistan,Neutral,Sri Lanka,field,0,3,307.8,266.3,7,0,1
India,Sri Lanka,Away,India,bat,5,0,236.8,265.4,0,2,0
South Africa,Australia,Neutral,South Africa,field,5,4,290.9,234.3,3,6,0
Pakistan,New Zealand,Away,Pakistan,field,0,1,287.7,227.9,9,7,1
South Africa,West Indies,Home,South Africa,bat,1,0,285.4,287.3,4,1,1
Australia,West Indies,Neutral,West Indies,field,5,2,258.1,228.1,7,0,1
Sri Lanka,South Africa,Neutral,South Africa,field,3,1,312.1,225.6,6,7,1
India,Pakistan,Neutral,India,bat,3,1,274.7,234.3,8,8,1
Pakistan,India,Away,Pakistan,field,3,3,287.8,237.4,5,3,1
South Africa,India,Home,India,bat,5,2,305.6,268.2,5,7,0
West Indies,India,Neutral,India,bat,1,5,240.3,243.7,3,0,0
Sri Lanka,South Africa,Home,South Africa,field,4,3,239.0,254.8,2,0,0
Australia,England,Away,England,field,1,4,254.7,255.4,8,8,0
India,South Africa,Neutral,South Africa,bat,4,5,298.7,231.8,9,0,1
Australia,Pakistan,Home,Pakistan,bat,4,5,248.0,260.1,2,6,0
West Indies,Australia,Home,Australia,field,3,1,262.9,247.9,0,3,1
England,New Zealand,Home,England,field,2,2,330.6,218.8,9,2,1
India,Australia,Home,India,field,3,2,276.2,295.5,6,9,0
Australia,Sri Lanka,Home,Sri Lanka,field,2,5,272.3,257.9,9,4,1
West Indies,South Africa,Neutral,West Indies,field,1,1,267.4,268.0,6,0,1
New Zealand,Australia,Away,New Zealand,field,3,0,255.7,257.7,0,7,1
New Zealand,Australia,Neutral,New Zealand,field,4,4,226.6,232.2,3,9,1
West Indies,England,Home,West Indies,field,1,5,224.6,262.9,0,1,0
New Zealand,Sri Lanka,Away,New Zealand,field,2,4,275.0,302.4,3,9,0
Australia,South Africa,Neutral,South Africa,bat,3,0,247.6,287.0,6,9,1
New Zealand,India,Away,India,field,5,1,291.5,316.7,0,2,0
Australia,India,Away,Australia,bat,1,2,304.9,267.5,0,7,0
England,South Africa,Home,South Africa,bat,4,5,251.3,281.8,0,5,0
Australia,England,Neutral,Australia,bat,1,0,239.8,249.9,7,0,1
England,Pakistan,Home,England,bat,2,5,274.1,294.7,2,4,0
South Africa,England,Home,England,bat,0,0,281.1,248.6,8,8,0
Pakistan,India,Home,India,field,0,4,270.7,282.5,6,0,0
New Zealand,South Africa,Neutral,South Africa,bat,2,0,264.7,254.0,7,2,1
South Africa,India,Away,India,field,1,3,247.5,281.3,5,6,0
Pakistan,South Africa,Home,Pakistan,bat,5,5,209.8,293.8,1,6,0
Australia,South Africa,Home,Australia,bat,4,1,275.7,244.5,5,1,1
South Africa,Sri Lanka,Away,South Africa,bat,4,4,188.3,289.2,7,5,0
West Indies,South Africa,Home,West Indies,field,3,3,223.5,301.2,5,1,1
Pakistan,South Africa,Away,South Africa,bat,4,3,257.9,241.6,3,3,0
Pakistan,Sri Lanka,Away,Pakistan,bat,5,0,291.2,242.5,4,5,1
Pakistan,West Indies,Away,West Indies,field,3,0,288.6,265.6,8,6,1
Australia,England,Home,England,field,2,2,289.3,275.3,0,6,0
Pakistan,New Zealand,Away,New Zealand,bat,3,0,247.9,236.8,1,1,0
England,South Africa,Away,England,bat,2,0,263.3,172.0,2,0,1
South Africa,Sri Lanka,Away,South Africa,bat,1,5,221.2,257.6,9,7,0
Australia,South Africa,Away,Australia,field,0,1,289.6,258.8,0,6,0
New Zealand,Pakistan,Home,Pakistan,field,3,0,228.8,271.0,7,8,0
Pakistan,South Africa,Neutral,Pakistan,field,4,3,268.4,213.6,6,9,1
New Zealand,South Africa,Neutral,South Africa,bat,2,4,304.5,307.8,3,6,0
New Zealand,West Indies,Home,New Zealand,field,1,1,288.6,252.6,5,9,1
Pakistan,West Indies,Home,Pakistan,bat,5,2,280.5,235.9,2,2,1
Sri Lanka,India,Neutral,Sri Lanka,field,4,5,233.0,240.8,4,8,0
Australia,England,Away,England,field,5,2,303.0,250.6,3,6,1
Australia,South Africa,Home,Australia,field,4,2,297.1,293.2,3,4,1
England,Sri Lanka,Home,Sri Lanka,field,2,4,300.1,252.8,9,2,1
Australia,New Zealand,Away,Australia,bat,5,3,348.5,255.1,9,6,1
South Africa,Sri Lanka,Away,South Africa,field,0,4,213.9,202.4,7,2,0
South Africa,India,Neutral,South Africa,field,4,3,267.4,256.7,9,9,1
Sri Lanka,India,Neutral,Sri Lanka,field,4,5,288.9,294.4,6,5,1
New Zealand,Australia,Neutral,New Zealand,bat,2,2,338.7,283.4,0,6,0
West Indies,South Africa,Home,West Indies,bat,1,5,314.6,254.6,5,9,0
England,Pakistan,Away,England,field,1,1,302.7,226.3,9,3,1
West Indies,England,Neutral,West Indies,bat,0,3,292.9,301.0,1,9,0
South Africa,Pakistan,Home,Pakistan,bat,3,1,266.1,251.9,0,9,0
South Africa,Sri Lanka,Away,South Africa,field,2,3,258.1,199.2,1,3,1
South Africa,India,Away,India,field,4,0,254.2,215.1,8,0,1
New Zealand,England,Away,New Zealand,field,2,5,279.1,260.8,1,0,1
West Indies,England,Away,England,bat,0,0,256.2,253.5,5,6,0
Pakistan,West Indies,Away,West Indies,bat,1,2,255.8,291.4,0,4,0
Pakistan,West Indies,Neutral,West Indies,field,0,3,301.0,240.1,5,7,0
England,New Zealand,Home,England,bat,5,5,231.5,303.0,0,4,0
Pakistan,West Indies,Home,West Indies,bat,0,1,254.4,222.6,0,5,1
South Africa,Australia,Home,Australia,field,0,5,254.3,304.4,4,8,0
Australia,England,Away,England,field,5,4,266.8,264.6,9,8,1
Australia,Sri Lanka,Neutral,Australia,bat,5,1,224.3,273.9,0,4,1
Australia,South Africa,Neutral,Australia,field,5,0,228.9,285.9,9,0,1
England,Pakistan,Neutral,Pakistan,bat,4,0,255.7,270.0,8,5,1
West Indies,Sri Lanka,Home,West Indies,field,5,4,263.7,228.5,5,8,1
Pakistan,India,Away,Pakistan,field,3,5,241.2,251.2,7,8,0
India,West Indies,Neutral,West Indies,field,5,0,317.6,283.6,4,0,1
India,West Indies,Home,West Indies,field,0,3,268.3,291.8,9,0,0
West Indies,Australia,Away,West Indies,field,0,1,309.4,222.3,1,6,0
Australia,West Indies,Away,West Indies,bat,2,1,278.9,284.9,0,2,1
England,India,Home,England,bat,1,0,282.0,293.1,7,6,0
New Zealand,Australia,Away,New Zealand,bat,2,3,189.5,283.0,9,5,0
West Indies,Australia,Neutral,West Indies,field,4,3,262.7,294.2,1,6,0
England,South Africa,Away,South Africa,bat,1,0,313.7,243.2,9,4,1
New Zealand,South Africa,Away,New Zealand,bat,2,5,262.1,239.6,9,5,1
Pakistan,Sri Lanka,Away,Sri Lanka,field,5,2,225.4,267.1,0,7,0
Pakistan,Australia,Home,Pakistan,field,5,1,243.9,286.4,0,4,0
South Africa,Pakistan,Home,Pakistan,field,2,2,239.3,255.4,6,1,1
Sri Lanka,England,Home,England,bat,5,0,242.7,299.2,8,9,0
Sri Lanka,Australia,Home,Australia,field,2,3,309.3,250.5,1,0,1
West Indies,New Zealand,Away,West Indies,bat,0,5,279.2,270.7,5,4,0
Sri Lanka,England,Neutral,England,bat,4,0,271.8,265.3,8,5,1
India,South Africa,Home,South Africa,bat,1,2,284.7,233.3,0,5,1
Australia,England,Neutral,Australia,bat,5,3,272.4,210.6,7,8,1
England,New Zealand,Neutral,England,field,1,4,281.2,281.2,1,3,0
West Indies,Pakistan,Home,Pakistan,field,4,2,205.6,245.2,9,2,1
New Zealand,West Indies,Neutral,West Indies,field,3,2,284.9,233.4,2,2,1
India,Sri Lanka,Home,Sri Lanka,field,2,3,241.7,268.0,0,0,0
Sri Lanka,India,Away,Sri Lanka,field,3,5,261.4,252.3,4,5,1
Pakistan,England,Home,Pakistan,bat,5,5,246.8,267.0,4,2,1
South Africa,West Indies,Neutral,West Indies,bat,2,3,258.2,222.9,8,6,0
West Indies,New Zealand,Neutral,West Indies,bat,5,1,278.0,320.7,5,6,1
South Africa,Australia,Neutral,South Africa,bat,4,4,250.9,231.9,3,8,0
West Indies,Sri Lanka,Away,Sri Lanka,bat,3,5,207.6,286.1,4,3,0
New Zealand,India,Home,India,bat,2,2,293.7,247.0,5,6,1
Pakistan,Sri Lanka,Neutral,Pakistan,bat,1,0,290.3,299.0,3,2,1
West Indies,Pakistan,Away,Pakistan,bat,2,0,250.2,259.1,8,2,1
Pakistan,India,Away,Pakistan,bat,3,0,264.7,221.4,4,6,1
Australia,India,Away,India,bat,1,3,267.5,292.9,3,3,0
Australia,New Zealand,Away,New Zealand,field,3,3,240.4,258.2,3,5,1
Pakistan,Australia,Home,Pakistan,field,1,5,315.4,177.6,7,7,1
Sri Lanka,Australia,Neutral,Sri Lanka,field,2,4,311.7,286.7,1,1,1
Sri Lanka,Australia,Home,Australia,bat,5,0,217.0,284.1,1,5,0
India,Sri Lanka,Away,India,field,5,3,310.7,258.4,8,5,1
India,England,Home,India,field,2,2,226.7,270.7,3,5,0
West Indies,South Africa,Neutral,West Indies,field,3,1,293.6,278.5,3,9,0
West Indies,Sri Lanka,Home,West Indies,bat,1,5,257.6,269.6,1,0,0
New Zealand,India,Home,New Zealand,field,0,5,273.2,240.1,7,7,0
Australia,South Africa,Away,Australia,bat,5,1,256.0,237.5,9,8,1
West Indies,South Africa,Neutral,West Indies,bat,1,0,303.0,265.9,1,0,0
Pakistan,Australia,Home,Australia,field,3,2,287.7,252.5,8,9,1
England,Pakistan,Home,Pakistan,bat,4,4,279.1,265.4,8,4,1
West Indies,India,Away,India,field,4,4,282.8,243.0,7,6,0
England,India,Neutral,England,field,0,0,250.6,247.0,4,8,0
Pakistan,New Zealand,Home,Pakistan,bat,5,4,242.5,318.2,6,7,0
Sri Lanka,England,Away,England,bat,3,2,251.2,257.2,2,0,1
England,Australia,Home,Australia,field,3,3,272.0,290.0,9,2,1
Sri Lanka,India,Home,India,field,2,2,306.8,274.5,5,4,1
Sri Lanka,New Zealand,Home,Sri Lanka,bat,5,2,292.8,255.3,4,6,1
New Zealand,South Africa,Away,New Zealand,field,1,4,252.4,279.7,7,6,0
India,Sri Lanka,Neutral,Sri Lanka,bat,3,2,267.4,253.3,5,6,0
India,Pakistan,Home,Pakistan,field,4,5,299.5,347.7,1,6,0
Australia,India,Neutral,India,bat,0,2,273.7,288.7,7,6,1
South Africa,Sri Lanka,Away,Sri Lanka,field,3,5,264.9,280.0,3,0,0
England,Australia,Away,Australia,field,5,0,237.5,242.1,9,8,1
Australia,New Zealand,Home,Australia,field,2,1,241.1,200.8,5,2,1
Pakistan,New Zealand,Neutral,Pakistan,bat,0,3,284.9,260.9,0,6,0
Pakistan,South Africa,Away,South Africa,field,3,4,273.4,285.9,8,6,0
India,England,Away,India,bat,0,1,226.5,259.8,0,4,0
West Indies,Sri Lanka,Home,Sri Lanka,bat,2,1,287.5,231.1,3,1,1
West Indies,New Zealand,Away,West Indies,bat,3,1,272.0,232.4,8,1,1
New Zealand,West Indies,Away,West Indies,bat,2,3,270.9,250.8,2,8,0
Pakistan,South Africa,Home,South Africa,bat,0,0,285.3,253.3,9,2,0
Australia,England,Neutral,England,field,4,4,326.9,315.7,2,9,0
England,New Zealand,Neutral,England,field,5,2,299.8,254.1,2,1,1
West Indies,England,Neutral,England,field,1,5,283.6,222.6,3,7,0
India,Sri Lanka,Away,India,bat,2,3,296.1,227.5,9,0,1
West Indies,England,Neutral,West Indies,bat,0,1,243.6,264.7,9,4,1
Pakistan,New Zealand,Neutral,Pakistan,field,3,1,258.8,211.5,2,0,1
India,England,Away,England,bat,2,5,213.7,268.7,7,9,0
South Africa,Pakistan,Away,South Africa,field,4,3,299.7,280.9,9,0,1
New Zealand,England,Away,New Zealand,field,2,1,249.5,294.2,3,4,0
India,Sri Lanka,Neutral,Sri Lanka,field,3,1,264.8,245.2,5,9,1
Australia,New Zealand,Away,New Zealand,bat,1,3,230.7,246.7,4,3,0
West Indies,South Africa,Away,South Africa,field,1,2,219.9,244.9,9,5,0
Pakistan,Sri Lanka,Away,Sri Lanka,field,3,1,213.1,338.0,9,9,0
Australia,Sri Lanka,Home,Australia,bat,2,2,252.1,286.6,0,1,0
India,South Africa,Home,India,field,4,5,276.5,282.8,4,4,0
India,Sri Lanka,Away,India,field,1,0,256.6,299.3,5,0,1
Sri Lanka,South Africa,Home,South Africa,bat,4,5,202.8,237.4,5,6,0
New Zealand,England,Home,New Zealand,field,0,0,216.7,301.3,8,3,1
Sri Lanka,South Africa,Home,Sri Lanka,bat,5,3,306.6,263.2,7,6,1
India,England,Home,India,bat,2,1,273.3,262.4,1,8,0
West Indies,India,Away,India,field,2,3,327.3,290.2,3,1,1
Pakistan,South Africa,Home,South Africa,field,3,2,271.6,272.7,9,3,0
South Africa,Sri Lanka,Home,Sri Lanka,bat,0,2,266.3,236.1,2,9,0
India,West Indies,Home,India,field,1,3,261.4,243.6,0,4,0
India,New Zealand,Home,New Zealand,bat,1,2,303.2,289.7,9,0,1
Australia,New Zealand,Away,New Zealand,field,5,5,310.6,267.2,2,9,1
Australia,New Zealand,Away,Australia,bat,1,2,298.9,278.6,2,2,1
South Africa,New Zealand,Away,New Zealand,field,4,3,296.0,282.0,4,7,0
South Africa,Pakistan,Away,South Africa,bat,1,3,288.9,280.8,4,7,0
New Zealand,Australia,Away,Australia,field,0,5,256.7,233.9,9,6,1
New Zealand,Pakistan,Away,New Zealand,field,0,5,266.7,274.3,0,4,0
South Africa,Australia,Neutral,Australia,bat,4,3,274.5,308.5,1,0,0
India,England,Neutral,England,field,2,0,262.6,311.6,9,5,1
New Zealand,Pakistan,Home,Pakistan,bat,5,3,228.0,291.7,6,7,1
Pakistan,India,Neutral,India,field,3,5,249.0,250.3,5,1,0
New Zealand,England,Neutral,England,bat,2,0,234.5,299.7,8,1,1
England,Sri Lanka,Home,England,bat,5,4,236.5,216.1,6,4,1
India,England,Neutral,England,bat,2,1,255.6,261.8,2,6,1
Pakistan,South Africa,Neutral,Pakistan,bat,5,4,253.4,239.5,6,0,1
England,Sri Lanka,Away,Sri Lanka,field,5,3,254.6,306.0,5,9,1
West Indies,Sri Lanka,Neutral,West Indies,bat,4,5,249.3,276.1,8,0,1
Pakistan,England,Home,Pakistan,field,5,1,266.2,226.7,6,2,1
Australia,Pakistan,Away,Australia,bat,0,5,247.5,265.0,0,7,0
West Indies,Australia,Home,West Indies,field,0,5,246.7,245.8,8,1,1
Australia,Sri Lanka,Home,Sri Lanka,field,4,4,259.0,299.5,2,0,1
Pakistan,New Zealand,Away,New Zealand,field,2,5,224.7,310.3,9,8,0
Pakistan,Sri Lanka,Away,Pakistan,field,4,3,290.2,311.4,7,0,1
New Zealand,West Indies,Away,New Zealand,bat,0,1,293.3,239.3,6,3,1
England,Pakistan,Away,England,field,3,5,288.4,196.5,7,7,1
West Indies,India,Neutral,West Indies,bat,1,4,301.3,238.8,9,7,0
South Africa,Pakistan,Neutral,Pakistan,field,1,1,260.8,264.4,9,8,1
India,Australia,Home,Australia,bat,2,4,308.1,342.6,8,3,0
Sri Lanka,New Zealand,Home,New Zealand,field,2,2,326.9,196.9,8,7,1
New Zealand,England,Away,England,field,3,2,237.1,243.1,8,1,1
West Indies,Sri Lanka,Neutral,West Indies,field,5,0,252.5,285.4,5,3,1
Australia,New Zealand,Away,New Zealand,bat,2,4,297.5,225.1,9,4,1
South Africa,New Zealand,Neutral,New Zealand,field,5,1,193.2,282.3,1,9,0
Australia,India,Home,Australia,bat,3,2,306.2,251.5,4,2,1
Sri Lanka,West Indies,Neutral,Sri Lanka,bat,2,3,272.1,265.2,5,2,0
India,New Zealand,Away,India,field,5,1,266.6,284.1,6,3,1
England,West Indies,Neutral,West Indies,field,3,4,221.8,285.6,4,4,0
South Africa,India,Away,South Africa,bat,1,0,248.1,236.5,2,8,0
Pakistan,Australia,Away,Pakistan,field,5,4,259.8,291.4,8,3,1
South Africa,Australia,Neutral,South Africa,field,3,1,246.0,221.2,7,7,1
